audio_file_path,subject,sex,treatment,issueTime
/datastar/annaRemes/scentEtOH_urgency/wistar/RAP/2024-10-07_14-44-44_Wistar_Urgency_group1/pi-data_2024-10-07_14-44-44_Wistar_Urgency_group1/box01/mic/20241007_144423.WAV,001_033,M,Control_EtOH,145200
/datastar/annaRemes/scentEtOH_urgency/wistar/RAP/2024-10-07_14-44-44_Wistar_Urgency_group1/pi-data_2024-10-07_14-44-44_Wistar_Urgency_group1/box01/mic/20241007_150230.WAV,001_033,M,Control_EtOH,145200
/datastar/annaRemes/scentEtOH_urgency/wistar/RAP/2024-10-07_14-44-44_Wistar_Urgency_group1/pi-data_2024-10-07_14-44-44_Wistar_Urgency_group1/box01/mic/20241007_153235.WAV,001_033,M,Control_EtOH,145200
/datastar/annaRemes/scentEtOH_urgency/wistar/RAP/2024-10-07_14-44-44_Wistar_Urgency_group1/pi-data_2024-10-07_14-44-44_Wistar_Urgency_group1/box01/mic/20241007_160240.WAV,001_033,M,Control_EtOH,145200
/datastar/annaRemes/scentEtOH_urgency/wistar/RAP/2024-10-07_14-44-44_Wistar_Urgency_group1/pi-data_2024-10-07_14-44-44_Wistar_Urgency_group1/box05/mic/20241007_144354.WAV,012_041,F,Control_EtOH,145200
/datastar/annaRemes/scentEtOH_urgency/wistar/RAP/2024-10-07_14-44-44_Wistar_Urgency_group1/pi-data_2024-10-07_14-44-44_Wistar_Urgency_group1/box05/mic/20241007_150230.WAV,012_041,F,Control_EtOH,145200
/datastar/annaRemes/scentEtOH_urgency/wistar/RAP/2024-10-07_14-44-44_Wistar_Urgency_group1/pi-data_2024-10-07_14-44-44_Wistar_Urgency_group1/box05/mic/20241007_153235.WAV,012_041,F,Control_EtOH,145200
/datastar/annaRemes/scentEtOH_urgency/wistar/RAP/2024-10-07_14-44-44_Wistar_Urgency_group1/pi-data_2024-10-07_14-44-44_Wistar_Urgency_group1/box05/mic/20241007_160240.WAV,012_041,F,Control_EtOH,145200
/datastar/annaRemes/scentEtOH_urgency/wistar/RAP/2024-10-07_14-44-44_Wistar_Urgency_group1/pi-data_2024-10-07_14-44-44_Wistar_Urgency_group1/box02/mic/20241007_144444.WAV,013_034,M,Control_EtOH,145200
/datastar/annaRemes/scentEtOH_urgency/wistar/RAP/2024-10-07_14-44-44_Wistar_Urgency_group1/pi-data_2024-10-07_14-44-44_Wistar_Urgency_group1/box02/mic/20241007_150230.WAV,013_034,M,Control_EtOH,145200
/datastar/annaRemes/scentEtOH_urgency/wistar/RAP/2024-10-07_14-44-44_Wistar_Urgency_group1/pi-data_2024-10-07_14-44-44_Wistar_Urgency_group1/box02/mic/20241007_153235.WAV,013_034,M,Control_EtOH,145200
/datastar/annaRemes/scentEtOH_urgency/wistar/RAP/2024-10-07_14-44-44_Wistar_Urgency_group1/pi-data_2024-10-07_14-44-44_Wistar_Urgency_group1/box02/mic/20241007_160240.WAV,013_034,M,Control_EtOH,145200
/datastar/annaRemes/scentEtOH_urgency/wistar/RAP/2024-10-07_14-44-44_Wistar_Urgency_group1/pi-data_2024-10-07_14-44-44_Wistar_Urgency_group1/box03/mic/20241007_143225.WAV,022_057,M,EtOH_EtOH,145200
/datastar/annaRemes/scentEtOH_urgency/wistar/RAP/2024-10-07_14-44-44_Wistar_Urgency_group1/pi-data_2024-10-07_14-44-44_Wistar_Urgency_group1/box03/mic/20241007_150230.WAV,022_057,M,EtOH_EtOH,145200
/datastar/annaRemes/scentEtOH_urgency/wistar/RAP/2024-10-07_14-44-44_Wistar_Urgency_group1/pi-data_2024-10-07_14-44-44_Wistar_Urgency_group1/box03/mic/20241007_153235.WAV,022_057,M,EtOH_EtOH,145200
/datastar/annaRemes/scentEtOH_urgency/wistar/RAP/2024-10-07_14-44-44_Wistar_Urgency_group1/pi-data_2024-10-07_14-44-44_Wistar_Urgency_group1/box03/mic/20241007_160240.WAV,022_057,M,EtOH_EtOH,145200
/datastar/annaRemes/scentEtOH_urgency/wistar/RAP/2024-10-07_14-44-44_Wistar_Urgency_group1/pi-data_2024-10-07_14-44-44_Wistar_Urgency_group1/box06/mic/20241007_144350.WAV,035,F,EtOH,145200
/datastar/annaRemes/scentEtOH_urgency/wistar/RAP/2024-10-07_14-44-44_Wistar_Urgency_group1/pi-data_2024-10-07_14-44-44_Wistar_Urgency_group1/box06/mic/20241007_150230.WAV,035,F,EtOH,145200
/datastar/annaRemes/scentEtOH_urgency/wistar/RAP/2024-10-07_14-44-44_Wistar_Urgency_group1/pi-data_2024-10-07_14-44-44_Wistar_Urgency_group1/box06/mic/20241007_153235.WAV,035,F,EtOH,145200
/datastar/annaRemes/scentEtOH_urgency/wistar/RAP/2024-10-07_14-44-44_Wistar_Urgency_group1/pi-data_2024-10-07_14-44-44_Wistar_Urgency_group1/box06/mic/20241007_160240.WAV,035,F,EtOH,145200
/datastar/annaRemes/scentEtOH_urgency/wistar/RAP/2024-10-07_14-44-44_Wistar_Urgency_group1/pi-data_2024-10-07_14-44-44_Wistar_Urgency_group1/box04/mic/20241007_144404.WAV,006,F,Control,145200
/datastar/annaRemes/scentEtOH_urgency/wistar/RAP/2024-10-07_14-44-44_Wistar_Urgency_group1/pi-data_2024-10-07_14-44-44_Wistar_Urgency_group1/box04/mic/20241007_150230.WAV,006,F,Control,145200
/datastar/annaRemes/scentEtOH_urgency/wistar/RAP/2024-10-07_14-44-44_Wistar_Urgency_group1/pi-data_2024-10-07_14-44-44_Wistar_Urgency_group1/box04/mic/20241007_153235.WAV,006,F,Control,145200
/datastar/annaRemes/scentEtOH_urgency/wistar/RAP/2024-10-07_14-44-44_Wistar_Urgency_group1/pi-data_2024-10-07_14-44-44_Wistar_Urgency_group1/box04/mic/20241007_160240.WAV,006,F,Control,145200
/datastar/annaRemes/scentEtOH_urgency/wistar/RAP/2024-10-07_16-09-24_Wistar_Urgency_group2/pi-data_2024-10-07_16-09-24_Wistar_Urgency_group2/box04/mic/20241007_160818.WAV,003_044,M,Control_EtOH,161700
/datastar/annaRemes/scentEtOH_urgency/wistar/RAP/2024-10-07_16-09-24_Wistar_Urgency_group2/pi-data_2024-10-07_16-09-24_Wistar_Urgency_group2/box04/mic/20241007_163245.WAV,003_044,M,Control_EtOH,161700
/datastar/annaRemes/scentEtOH_urgency/wistar/RAP/2024-10-07_16-09-24_Wistar_Urgency_group2/pi-data_2024-10-07_16-09-24_Wistar_Urgency_group2/box04/mic/20241007_170250.WAV,003_044,M,Control_EtOH,161700
/datastar/annaRemes/scentEtOH_urgency/wistar/RAP/2024-10-07_16-09-24_Wistar_Urgency_group2/pi-data_2024-10-07_16-09-24_Wistar_Urgency_group2/box03/mic/20241007_160938.WAV,030_046,F,EtOH_EtOH,161700
/datastar/annaRemes/scentEtOH_urgency/wistar/RAP/2024-10-07_16-09-24_Wistar_Urgency_group2/pi-data_2024-10-07_16-09-24_Wistar_Urgency_group2/box03/mic/20241007_163245.WAV,030_046,F,EtOH_EtOH,161700
/datastar/annaRemes/scentEtOH_urgency/wistar/RAP/2024-10-07_16-09-24_Wistar_Urgency_group2/pi-data_2024-10-07_16-09-24_Wistar_Urgency_group2/box03/mic/20241007_170250.WAV,030_046,F,EtOH_EtOH,161700
/datastar/annaRemes/scentEtOH_urgency/wistar/RAP/2024-10-07_16-09-24_Wistar_Urgency_group2/pi-data_2024-10-07_16-09-24_Wistar_Urgency_group2/box02/mic/20241007_160924.WAV,043_051,F,EtOH_EtOH,161700
/datastar/annaRemes/scentEtOH_urgency/wistar/RAP/2024-10-07_16-09-24_Wistar_Urgency_group2/pi-data_2024-10-07_16-09-24_Wistar_Urgency_group2/box02/mic/20241007_163245.WAV,043_051,F,EtOH_EtOH,161700
/datastar/annaRemes/scentEtOH_urgency/wistar/RAP/2024-10-07_16-09-24_Wistar_Urgency_group2/pi-data_2024-10-07_16-09-24_Wistar_Urgency_group2/box02/mic/20241007_170250.WAV,043_051,F,EtOH_EtOH,161700
/datastar/annaRemes/scentEtOH_urgency/wistar/RAP/2024-10-07_16-09-24_Wistar_Urgency_group2/pi-data_2024-10-07_16-09-24_Wistar_Urgency_group2/box06/mic/20241007_160834.WAV,058,M,EtOH,161700
/datastar/annaRemes/scentEtOH_urgency/wistar/RAP/2024-10-07_16-09-24_Wistar_Urgency_group2/pi-data_2024-10-07_16-09-24_Wistar_Urgency_group2/box06/mic/20241007_163245.WAV,058,M,EtOH,161700
/datastar/annaRemes/scentEtOH_urgency/wistar/RAP/2024-10-07_16-09-24_Wistar_Urgency_group2/pi-data_2024-10-07_16-09-24_Wistar_Urgency_group2/box06/mic/20241007_170250.WAV,058,M,EtOH,161700
/datastar/annaRemes/scentEtOH_urgency/wistar/RAP/2024-10-07_16-09-24_Wistar_Urgency_group2/pi-data_2024-10-07_16-09-24_Wistar_Urgency_group2/box05/mic/20241007_160813.WAV,007_054,M,Control_EtOH,161700
/datastar/annaRemes/scentEtOH_urgency/wistar/RAP/2024-10-07_16-09-24_Wistar_Urgency_group2/pi-data_2024-10-07_16-09-24_Wistar_Urgency_group2/box05/mic/20241007_163245.WAV,007_054,M,Control_EtOH,161700
/datastar/annaRemes/scentEtOH_urgency/wistar/RAP/2024-10-07_16-09-24_Wistar_Urgency_group2/pi-data_2024-10-07_16-09-24_Wistar_Urgency_group2/box05/mic/20241007_170250.WAV,007_054,M,Control_EtOH,161700
/datastar/annaRemes/scentEtOH_urgency/wistar/RAP/2024-10-07_16-09-24_Wistar_Urgency_group2/pi-data_2024-10-07_16-09-24_Wistar_Urgency_group2/box01/mic/20241007_160411.WAV,008_025,F,Control_EtOH,161700
/datastar/annaRemes/scentEtOH_urgency/wistar/RAP/2024-10-07_16-09-24_Wistar_Urgency_group2/pi-data_2024-10-07_16-09-24_Wistar_Urgency_group2/box01/mic/20241007_163245.WAV,008_025,F,Control_EtOH,161700
/datastar/annaRemes/scentEtOH_urgency/wistar/RAP/2024-10-07_16-09-24_Wistar_Urgency_group2/pi-data_2024-10-07_16-09-24_Wistar_Urgency_group2/box01/mic/20241007_170250.WAV,008_025,F,Control_EtOH,161700
/datastar/annaRemes/scentEtOH_urgency/wistar/RAP/2024-10-07_17-32-55_Wistar_Urgency_group3/pi-data_2024-10-07_17-32-55_Wistar_Urgency_group3/box01/mic/20241007_173255.WAV,011_036,M,Control_EtOH,174300
/datastar/annaRemes/scentEtOH_urgency/wistar/RAP/2024-10-07_17-32-55_Wistar_Urgency_group3/pi-data_2024-10-07_17-32-55_Wistar_Urgency_group3/box01/mic/20241007_174444.WAV,011_036,M,Control_EtOH,174300
/datastar/annaRemes/scentEtOH_urgency/wistar/RAP/2024-10-07_17-32-55_Wistar_Urgency_group3/pi-data_2024-10-07_17-32-55_Wistar_Urgency_group3/box01/mic/20241007_180300.WAV,011_036,M,Control_EtOH,174300
/datastar/annaRemes/scentEtOH_urgency/wistar/RAP/2024-10-07_17-32-55_Wistar_Urgency_group3/pi-data_2024-10-07_17-32-55_Wistar_Urgency_group3/box01/mic/20241007_183305.WAV,011_036,M,Control_EtOH,174300
/datastar/annaRemes/scentEtOH_urgency/wistar/RAP/2024-10-07_17-32-55_Wistar_Urgency_group3/pi-data_2024-10-07_17-32-55_Wistar_Urgency_group3/box01/mic/20241007_184553.WAV,011_036,M,Control_EtOH,174300
/datastar/annaRemes/scentEtOH_urgency/wistar/RAP/2024-10-07_17-32-55_Wistar_Urgency_group3/pi-data_2024-10-07_17-32-55_Wistar_Urgency_group3/box05/mic/20241007_173255.WAV,014_037,F,Control_EtOH,174300
/datastar/annaRemes/scentEtOH_urgency/wistar/RAP/2024-10-07_17-32-55_Wistar_Urgency_group3/pi-data_2024-10-07_17-32-55_Wistar_Urgency_group3/box05/mic/20241007_180300.WAV,014_037,F,Control_EtOH,174300
/datastar/annaRemes/scentEtOH_urgency/wistar/RAP/2024-10-07_17-32-55_Wistar_Urgency_group3/pi-data_2024-10-07_17-32-55_Wistar_Urgency_group3/box05/mic/20241007_183305.WAV,014_037,F,Control_EtOH,174300
/datastar/annaRemes/scentEtOH_urgency/wistar/RAP/2024-10-07_17-32-55_Wistar_Urgency_group3/pi-data_2024-10-07_17-32-55_Wistar_Urgency_group3/box05/mic/20241007_184428.WAV,014_037,F,Control_EtOH,174300
/datastar/annaRemes/scentEtOH_urgency/wistar/RAP/2024-10-07_17-32-55_Wistar_Urgency_group3/pi-data_2024-10-07_17-32-55_Wistar_Urgency_group3/box06/mic/20241007_173255.WAV,023_028,F,EtOH_EtOH,174300
/datastar/annaRemes/scentEtOH_urgency/wistar/RAP/2024-10-07_17-32-55_Wistar_Urgency_group3/pi-data_2024-10-07_17-32-55_Wistar_Urgency_group3/box06/mic/20241007_180300.WAV,023_028,F,EtOH_EtOH,174300
/datastar/annaRemes/scentEtOH_urgency/wistar/RAP/2024-10-07_17-32-55_Wistar_Urgency_group3/pi-data_2024-10-07_17-32-55_Wistar_Urgency_group3/box06/mic/20241007_183305.WAV,023_028,F,EtOH_EtOH,174300
/datastar/annaRemes/scentEtOH_urgency/wistar/RAP/2024-10-07_17-32-55_Wistar_Urgency_group3/pi-data_2024-10-07_17-32-55_Wistar_Urgency_group3/box06/mic/20241007_184517.WAV,023_028,F,EtOH_EtOH,174300
/datastar/annaRemes/scentEtOH_urgency/wistar/RAP/2024-10-07_17-32-55_Wistar_Urgency_group3/pi-data_2024-10-07_17-32-55_Wistar_Urgency_group3/box02/mic/20241007_173255.WAV,026_040,M,EtOH_EtOH,174300
/datastar/annaRemes/scentEtOH_urgency/wistar/RAP/2024-10-07_17-32-55_Wistar_Urgency_group3/pi-data_2024-10-07_17-32-55_Wistar_Urgency_group3/box02/mic/20241007_174447.WAV,026_040,M,EtOH_EtOH,174300
/datastar/annaRemes/scentEtOH_urgency/wistar/RAP/2024-10-07_17-32-55_Wistar_Urgency_group3/pi-data_2024-10-07_17-32-55_Wistar_Urgency_group3/box02/mic/20241007_180300.WAV,026_040,M,EtOH_EtOH,174300
/datastar/annaRemes/scentEtOH_urgency/wistar/RAP/2024-10-07_17-32-55_Wistar_Urgency_group3/pi-data_2024-10-07_17-32-55_Wistar_Urgency_group3/box02/mic/20241007_183305.WAV,026_040,M,EtOH_EtOH,174300
/datastar/annaRemes/scentEtOH_urgency/wistar/RAP/2024-10-07_17-32-55_Wistar_Urgency_group3/pi-data_2024-10-07_17-32-55_Wistar_Urgency_group3/box02/mic/20241007_184615.WAV,026_040,M,EtOH_EtOH,174300
/datastar/annaRemes/scentEtOH_urgency/wistar/RAP/2024-10-07_17-32-55_Wistar_Urgency_group3/pi-data_2024-10-07_17-32-55_Wistar_Urgency_group3/box03/mic/20241007_173255.WAV,029_042,M,EtOH_EtOH,174300
/datastar/annaRemes/scentEtOH_urgency/wistar/RAP/2024-10-07_17-32-55_Wistar_Urgency_group3/pi-data_2024-10-07_17-32-55_Wistar_Urgency_group3/box03/mic/20241007_174503.WAV,029_042,M,EtOH_EtOH,174300
/datastar/annaRemes/scentEtOH_urgency/wistar/RAP/2024-10-07_17-32-55_Wistar_Urgency_group3/pi-data_2024-10-07_17-32-55_Wistar_Urgency_group3/box03/mic/20241007_180300.WAV,029_042,M,EtOH_EtOH,174300
/datastar/annaRemes/scentEtOH_urgency/wistar/RAP/2024-10-07_17-32-55_Wistar_Urgency_group3/pi-data_2024-10-07_17-32-55_Wistar_Urgency_group3/box03/mic/20241007_183305.WAV,029_042,M,EtOH_EtOH,174300
/datastar/annaRemes/scentEtOH_urgency/wistar/RAP/2024-10-07_17-32-55_Wistar_Urgency_group3/pi-data_2024-10-07_17-32-55_Wistar_Urgency_group3/box03/mic/20241007_184630.WAV,029_042,M,EtOH_EtOH,174300
/datastar/annaRemes/scentEtOH_urgency/wistar/RAP/2024-10-07_17-32-55_Wistar_Urgency_group3/pi-data_2024-10-07_17-32-55_Wistar_Urgency_group3/box04/mic/20241007_173255.WAV,004_027,F,Control_EtOH,174300
/datastar/annaRemes/scentEtOH_urgency/wistar/RAP/2024-10-07_17-32-55_Wistar_Urgency_group3/pi-data_2024-10-07_17-32-55_Wistar_Urgency_group3/box04/mic/20241007_180300.WAV,004_027,F,Control_EtOH,174300
/datastar/annaRemes/scentEtOH_urgency/wistar/RAP/2024-10-07_17-32-55_Wistar_Urgency_group3/pi-data_2024-10-07_17-32-55_Wistar_Urgency_group3/box04/mic/20241007_183305.WAV,004_027,F,Control_EtOH,174300
/datastar/annaRemes/scentEtOH_urgency/wistar/RAP/2024-10-07_17-32-55_Wistar_Urgency_group3/pi-data_2024-10-07_17-32-55_Wistar_Urgency_group3/box04/mic/20241007_184359.WAV,004_027,F,Control_EtOH,174300
/datastar/annaRemes/scentEtOH_urgency/wistar/RAP/2024-10-07_19-03-10_Wistar_Urgency_group4/pi-data_2024-10-07_19-03-10_Wistar_Urgency_group4/box01/mic/20241007_190310.WAV,010_039,F,Control_EtOH,190700
/datastar/annaRemes/scentEtOH_urgency/wistar/RAP/2024-10-07_19-03-10_Wistar_Urgency_group4/pi-data_2024-10-07_19-03-10_Wistar_Urgency_group4/box01/mic/20241007_193315.WAV,010_039,F,Control_EtOH,190700
/datastar/annaRemes/scentEtOH_urgency/wistar/RAP/2024-10-07_19-03-10_Wistar_Urgency_group4/pi-data_2024-10-07_19-03-10_Wistar_Urgency_group4/box01/mic/20241007_200320.WAV,010_039,F,Control_EtOH,190700
/datastar/annaRemes/scentEtOH_urgency/wistar/RAP/2024-10-07_19-03-10_Wistar_Urgency_group4/pi-data_2024-10-07_19-03-10_Wistar_Urgency_group4/box01/mic/20241007_201355.WAV,010_039,F,Control_EtOH,190700
/datastar/annaRemes/scentEtOH_urgency/wistar/RAP/2024-10-07_19-03-10_Wistar_Urgency_group4/pi-data_2024-10-07_19-03-10_Wistar_Urgency_group4/box04/mic/20241007_190310.WAV,015_045,M,Control_EtOH,190700
/datastar/annaRemes/scentEtOH_urgency/wistar/RAP/2024-10-07_19-03-10_Wistar_Urgency_group4/pi-data_2024-10-07_19-03-10_Wistar_Urgency_group4/box04/mic/20241007_193315.WAV,015_045,M,Control_EtOH,190700
/datastar/annaRemes/scentEtOH_urgency/wistar/RAP/2024-10-07_19-03-10_Wistar_Urgency_group4/pi-data_2024-10-07_19-03-10_Wistar_Urgency_group4/box04/mic/20241007_200320.WAV,015_045,M,Control_EtOH,190700
/datastar/annaRemes/scentEtOH_urgency/wistar/RAP/2024-10-07_19-03-10_Wistar_Urgency_group4/pi-data_2024-10-07_19-03-10_Wistar_Urgency_group4/box04/mic/20241007_202011.WAV,015_045,M,Control_EtOH,190700
/datastar/annaRemes/scentEtOH_urgency/wistar/RAP/2024-10-07_19-03-10_Wistar_Urgency_group4/pi-data_2024-10-07_19-03-10_Wistar_Urgency_group4/box05/mic/20241007_190310.WAV,019_052,M,EtOH_EtOH,190700
/datastar/annaRemes/scentEtOH_urgency/wistar/RAP/2024-10-07_19-03-10_Wistar_Urgency_group4/pi-data_2024-10-07_19-03-10_Wistar_Urgency_group4/box05/mic/20241007_193315.WAV,019_052,M,EtOH_EtOH,190700
/datastar/annaRemes/scentEtOH_urgency/wistar/RAP/2024-10-07_19-03-10_Wistar_Urgency_group4/pi-data_2024-10-07_19-03-10_Wistar_Urgency_group4/box05/mic/20241007_200320.WAV,019_052,M,EtOH_EtOH,190700
/datastar/annaRemes/scentEtOH_urgency/wistar/RAP/2024-10-07_19-03-10_Wistar_Urgency_group4/pi-data_2024-10-07_19-03-10_Wistar_Urgency_group4/box05/mic/20241007_202051.WAV,019_052,M,EtOH_EtOH,190700
/datastar/annaRemes/scentEtOH_urgency/wistar/RAP/2024-10-07_19-03-10_Wistar_Urgency_group4/pi-data_2024-10-07_19-03-10_Wistar_Urgency_group4/box03/mic/20241007_190310.WAV,048_020,F,EtOH_EtOH,190700
/datastar/annaRemes/scentEtOH_urgency/wistar/RAP/2024-10-07_19-03-10_Wistar_Urgency_group4/pi-data_2024-10-07_19-03-10_Wistar_Urgency_group4/box03/mic/20241007_193315.WAV,048_020,F,EtOH_EtOH,190700
/datastar/annaRemes/scentEtOH_urgency/wistar/RAP/2024-10-07_19-03-10_Wistar_Urgency_group4/pi-data_2024-10-07_19-03-10_Wistar_Urgency_group4/box03/mic/20241007_200320.WAV,048_020,F,EtOH_EtOH,190700
/datastar/annaRemes/scentEtOH_urgency/wistar/RAP/2024-10-07_19-03-10_Wistar_Urgency_group4/pi-data_2024-10-07_19-03-10_Wistar_Urgency_group4/box03/mic/20241007_201558.WAV,048_020,F,EtOH_EtOH,190700
/datastar/annaRemes/scentEtOH_urgency/wistar/RAP/2024-10-07_19-03-10_Wistar_Urgency_group4/pi-data_2024-10-07_19-03-10_Wistar_Urgency_group4/box06/mic/20241007_190310.WAV,049_056,M,EtOH_EtOH,190700
/datastar/annaRemes/scentEtOH_urgency/wistar/RAP/2024-10-07_19-03-10_Wistar_Urgency_group4/pi-data_2024-10-07_19-03-10_Wistar_Urgency_group4/box06/mic/20241007_193315.WAV,049_056,M,EtOH_EtOH,190700
/datastar/annaRemes/scentEtOH_urgency/wistar/RAP/2024-10-07_19-03-10_Wistar_Urgency_group4/pi-data_2024-10-07_19-03-10_Wistar_Urgency_group4/box06/mic/20241007_200320.WAV,049_056,M,EtOH_EtOH,190700
/datastar/annaRemes/scentEtOH_urgency/wistar/RAP/2024-10-07_19-03-10_Wistar_Urgency_group4/pi-data_2024-10-07_19-03-10_Wistar_Urgency_group4/box06/mic/20241007_202132.WAV,049_056,M,EtOH_EtOH,190700
/datastar/annaRemes/scentEtOH_urgency/wistar/RAP/2024-10-07_19-03-10_Wistar_Urgency_group4/pi-data_2024-10-07_19-03-10_Wistar_Urgency_group4/box02/mic/20241007_190310.WAV,055,F,EtOH,190700
/datastar/annaRemes/scentEtOH_urgency/wistar/RAP/2024-10-07_19-03-10_Wistar_Urgency_group4/pi-data_2024-10-07_19-03-10_Wistar_Urgency_group4/box02/mic/20241007_193315.WAV,055,F,EtOH,190700
/datastar/annaRemes/scentEtOH_urgency/wistar/RAP/2024-10-07_19-03-10_Wistar_Urgency_group4/pi-data_2024-10-07_19-03-10_Wistar_Urgency_group4/box02/mic/20241007_200320.WAV,055,F,EtOH,190700
/datastar/annaRemes/scentEtOH_urgency/wistar/RAP/2024-10-07_19-03-10_Wistar_Urgency_group4/pi-data_2024-10-07_19-03-10_Wistar_Urgency_group4/box02/mic/20241007_201507.WAV,055,F,EtOH,190700
/datastar/annaRemes/scentEtOH_urgency/wistar/RAP/2024-10-07_20-33-25_Wistar_Urgency_group5/pi-data_2024-10-07_20-33-25_Wistar_Urgency_group5/box04/mic/20241007_203325.WAV,018_016,F,EtOH_Control,203507
/datastar/annaRemes/scentEtOH_urgency/wistar/RAP/2024-10-07_20-33-25_Wistar_Urgency_group5/pi-data_2024-10-07_20-33-25_Wistar_Urgency_group5/box04/mic/20241007_210330.WAV,018_016,F,EtOH_Control,203507
/datastar/annaRemes/scentEtOH_urgency/wistar/RAP/2024-10-07_20-33-25_Wistar_Urgency_group5/pi-data_2024-10-07_20-33-25_Wistar_Urgency_group5/box04/mic/20241007_213335.WAV,018_016,F,EtOH_Control,203507
/datastar/annaRemes/scentEtOH_urgency/wistar/RAP/2024-10-07_20-33-25_Wistar_Urgency_group5/pi-data_2024-10-07_20-33-25_Wistar_Urgency_group5/box05/mic/20241007_203325.WAV,002_050,F,Control_EtOH,203507
/datastar/annaRemes/scentEtOH_urgency/wistar/RAP/2024-10-07_20-33-25_Wistar_Urgency_group5/pi-data_2024-10-07_20-33-25_Wistar_Urgency_group5/box05/mic/20241007_210330.WAV,002_050,F,Control_EtOH,203507
/datastar/annaRemes/scentEtOH_urgency/wistar/RAP/2024-10-07_20-33-25_Wistar_Urgency_group5/pi-data_2024-10-07_20-33-25_Wistar_Urgency_group5/box05/mic/20241007_213335.WAV,002_050,F,Control_EtOH,203507
/datastar/annaRemes/scentEtOH_urgency/wistar/RAP/2024-10-07_20-33-25_Wistar_Urgency_group5/pi-data_2024-10-07_20-33-25_Wistar_Urgency_group5/box03/mic/20241007_203325.WAV,021_031,M,EtOH_EtOH,203507
/datastar/annaRemes/scentEtOH_urgency/wistar/RAP/2024-10-07_20-33-25_Wistar_Urgency_group5/pi-data_2024-10-07_20-33-25_Wistar_Urgency_group5/box03/mic/20241007_210330.WAV,021_031,M,EtOH_EtOH,203507
/datastar/annaRemes/scentEtOH_urgency/wistar/RAP/2024-10-07_20-33-25_Wistar_Urgency_group5/pi-data_2024-10-07_20-33-25_Wistar_Urgency_group5/box03/mic/20241007_213335.WAV,021_031,M,EtOH_EtOH,203507
/datastar/annaRemes/scentEtOH_urgency/wistar/RAP/2024-10-07_20-33-25_Wistar_Urgency_group5/pi-data_2024-10-07_20-33-25_Wistar_Urgency_group5/box06/mic/20241007_203325.WAV,024,M,EtOH,203507
/datastar/annaRemes/scentEtOH_urgency/wistar/RAP/2024-10-07_20-33-25_Wistar_Urgency_group5/pi-data_2024-10-07_20-33-25_Wistar_Urgency_group5/box06/mic/20241007_210330.WAV,024,M,EtOH,203507
/datastar/annaRemes/scentEtOH_urgency/wistar/RAP/2024-10-07_20-33-25_Wistar_Urgency_group5/pi-data_2024-10-07_20-33-25_Wistar_Urgency_group5/box06/mic/20241007_213335.WAV,024,M,EtOH,203507
/datastar/annaRemes/scentEtOH_urgency/wistar/RAP/2024-10-07_20-33-25_Wistar_Urgency_group5/pi-data_2024-10-07_20-33-25_Wistar_Urgency_group5/box02/mic/20241007_203325.WAV,038_009,M,EtOH_Control,203507
/datastar/annaRemes/scentEtOH_urgency/wistar/RAP/2024-10-07_20-33-25_Wistar_Urgency_group5/pi-data_2024-10-07_20-33-25_Wistar_Urgency_group5/box02/mic/20241007_210330.WAV,038_009,M,EtOH_Control,203507
/datastar/annaRemes/scentEtOH_urgency/wistar/RAP/2024-10-07_20-33-25_Wistar_Urgency_group5/pi-data_2024-10-07_20-33-25_Wistar_Urgency_group5/box02/mic/20241007_213335.WAV,038_009,M,EtOH_Control,203507
/datastar/annaRemes/scentEtOH_urgency/wistar/RAP/2024-10-07_20-33-25_Wistar_Urgency_group5/pi-data_2024-10-07_20-33-25_Wistar_Urgency_group5/box01/mic/20241007_203325.WAV,005,M,Control,203507
/datastar/annaRemes/scentEtOH_urgency/wistar/RAP/2024-10-07_20-33-25_Wistar_Urgency_group5/pi-data_2024-10-07_20-33-25_Wistar_Urgency_group5/box01/mic/20241007_210330.WAV,005,M,Control,203507
/datastar/annaRemes/scentEtOH_urgency/wistar/RAP/2024-10-08_14-32-25_Wistar_Urgency_group1/pi-data_2024-10-08_14-32-25_Wistar_Urgency_group1/box01/mic/20241008_143225.WAV,003_058,M,Control_EtOH,144100
/datastar/annaRemes/scentEtOH_urgency/wistar/RAP/2024-10-08_14-32-25_Wistar_Urgency_group1/pi-data_2024-10-08_14-32-25_Wistar_Urgency_group1/box01/mic/20241008_150230.WAV,003_058,M,Control_EtOH,144100
/datastar/annaRemes/scentEtOH_urgency/wistar/RAP/2024-10-08_14-32-25_Wistar_Urgency_group1/pi-data_2024-10-08_14-32-25_Wistar_Urgency_group1/box01/mic/20241008_153235.WAV,003_058,M,Control_EtOH,144100
/datastar/annaRemes/scentEtOH_urgency/wistar/RAP/2024-10-08_14-32-25_Wistar_Urgency_group1/pi-data_2024-10-08_14-32-25_Wistar_Urgency_group1/box01/mic/20241008_154509.WAV,003_058,M,Control_EtOH,144100
/datastar/annaRemes/scentEtOH_urgency/wistar/RAP/2024-10-08_14-32-25_Wistar_Urgency_group1/pi-data_2024-10-08_14-32-25_Wistar_Urgency_group1/box05/mic/20241008_143401.WAV,043_030,F,EtOH_EtOH,144100
/datastar/annaRemes/scentEtOH_urgency/wistar/RAP/2024-10-08_14-32-25_Wistar_Urgency_group1/pi-data_2024-10-08_14-32-25_Wistar_Urgency_group1/box05/mic/20241008_150230.WAV,043_030,F,EtOH_EtOH,144100
/datastar/annaRemes/scentEtOH_urgency/wistar/RAP/2024-10-08_14-32-25_Wistar_Urgency_group1/pi-data_2024-10-08_14-32-25_Wistar_Urgency_group1/box05/mic/20241008_153235.WAV,043_030,F,EtOH_EtOH,144100
/datastar/annaRemes/scentEtOH_urgency/wistar/RAP/2024-10-08_14-32-25_Wistar_Urgency_group1/pi-data_2024-10-08_14-32-25_Wistar_Urgency_group1/box05/mic/20241008_154456.WAV,043_030,F,EtOH_EtOH,144100
/datastar/annaRemes/scentEtOH_urgency/wistar/RAP/2024-10-08_14-32-25_Wistar_Urgency_group1/pi-data_2024-10-08_14-32-25_Wistar_Urgency_group1/box03/mic/20241008_143225.WAV,044_054,M,EtOH_EtOH,144100
/datastar/annaRemes/scentEtOH_urgency/wistar/RAP/2024-10-08_14-32-25_Wistar_Urgency_group1/pi-data_2024-10-08_14-32-25_Wistar_Urgency_group1/box03/mic/20241008_150230.WAV,044_054,M,EtOH_EtOH,144100
/datastar/annaRemes/scentEtOH_urgency/wistar/RAP/2024-10-08_14-32-25_Wistar_Urgency_group1/pi-data_2024-10-08_14-32-25_Wistar_Urgency_group1/box03/mic/20241008_153235.WAV,044_054,M,EtOH_EtOH,144100
/datastar/annaRemes/scentEtOH_urgency/wistar/RAP/2024-10-08_14-32-25_Wistar_Urgency_group1/pi-data_2024-10-08_14-32-25_Wistar_Urgency_group1/box03/mic/20241008_154525.WAV,044_054,M,EtOH_EtOH,144100
/datastar/annaRemes/scentEtOH_urgency/wistar/RAP/2024-10-08_14-32-25_Wistar_Urgency_group1/pi-data_2024-10-08_14-32-25_Wistar_Urgency_group1/box04/mic/20241008_143311.WAV,051_025,F,EtOH_EtOH,144100
/datastar/annaRemes/scentEtOH_urgency/wistar/RAP/2024-10-08_14-32-25_Wistar_Urgency_group1/pi-data_2024-10-08_14-32-25_Wistar_Urgency_group1/box04/mic/20241008_150230.WAV,051_025,F,EtOH_EtOH,144100
/datastar/annaRemes/scentEtOH_urgency/wistar/RAP/2024-10-08_14-32-25_Wistar_Urgency_group1/pi-data_2024-10-08_14-32-25_Wistar_Urgency_group1/box04/mic/20241008_153235.WAV,051_025,F,EtOH_EtOH,144100
/datastar/annaRemes/scentEtOH_urgency/wistar/RAP/2024-10-08_14-32-25_Wistar_Urgency_group1/pi-data_2024-10-08_14-32-25_Wistar_Urgency_group1/box04/mic/20241008_154504.WAV,051_025,F,EtOH_EtOH,144100
/datastar/annaRemes/scentEtOH_urgency/wistar/RAP/2024-10-08_14-32-25_Wistar_Urgency_group1/pi-data_2024-10-08_14-32-25_Wistar_Urgency_group1/box02/mic/20241008_143225.WAV,007,M,Control,144100
/datastar/annaRemes/scentEtOH_urgency/wistar/RAP/2024-10-08_14-32-25_Wistar_Urgency_group1/pi-data_2024-10-08_14-32-25_Wistar_Urgency_group1/box02/mic/20241008_150230.WAV,007,M,Control,144100
/datastar/annaRemes/scentEtOH_urgency/wistar/RAP/2024-10-08_14-32-25_Wistar_Urgency_group1/pi-data_2024-10-08_14-32-25_Wistar_Urgency_group1/box02/mic/20241008_153235.WAV,007,M,Control,144100
/datastar/annaRemes/scentEtOH_urgency/wistar/RAP/2024-10-08_14-32-25_Wistar_Urgency_group1/pi-data_2024-10-08_14-32-25_Wistar_Urgency_group1/box02/mic/20241008_154515.WAV,007,M,Control,144100
/datastar/annaRemes/scentEtOH_urgency/wistar/RAP/2024-10-08_14-32-25_Wistar_Urgency_group1/pi-data_2024-10-08_14-32-25_Wistar_Urgency_group1/box06/mic/20241008_143332.WAV,008_046,F,Control_EtOH,144100
/datastar/annaRemes/scentEtOH_urgency/wistar/RAP/2024-10-08_14-32-25_Wistar_Urgency_group1/pi-data_2024-10-08_14-32-25_Wistar_Urgency_group1/box06/mic/20241008_150230.WAV,008_046,F,Control_EtOH,144100
/datastar/annaRemes/scentEtOH_urgency/wistar/RAP/2024-10-08_14-32-25_Wistar_Urgency_group1/pi-data_2024-10-08_14-32-25_Wistar_Urgency_group1/box06/mic/20241008_153235.WAV,008_046,F,Control_EtOH,144100
/datastar/annaRemes/scentEtOH_urgency/wistar/RAP/2024-10-08_14-32-25_Wistar_Urgency_group1/pi-data_2024-10-08_14-32-25_Wistar_Urgency_group1/box06/mic/20241008_154445.WAV,008_046,F,Control_EtOH,144100
/datastar/annaRemes/scentEtOH_urgency/wistar/RAP/2024-10-08_15-45-15_Wistar_Urgency_group2/pi-data_2024-10-08_15-45-15_Wistar_Urgency_group2/box04/mic/20241008_154504.WAV,011_042,M,Control_EtOH,155700
/datastar/annaRemes/scentEtOH_urgency/wistar/RAP/2024-10-08_15-45-15_Wistar_Urgency_group2/pi-data_2024-10-08_15-45-15_Wistar_Urgency_group2/box04/mic/20241008_160240.WAV,011_042,M,Control_EtOH,155700
/datastar/annaRemes/scentEtOH_urgency/wistar/RAP/2024-10-08_15-45-15_Wistar_Urgency_group2/pi-data_2024-10-08_15-45-15_Wistar_Urgency_group2/box04/mic/20241008_163245.WAV,011_042,M,Control_EtOH,155700
/datastar/annaRemes/scentEtOH_urgency/wistar/RAP/2024-10-08_15-45-15_Wistar_Urgency_group2/pi-data_2024-10-08_15-45-15_Wistar_Urgency_group2/box04/mic/20241008_165859.WAV,011_042,M,Control_EtOH,155700
/datastar/annaRemes/scentEtOH_urgency/wistar/RAP/2024-10-08_15-45-15_Wistar_Urgency_group2/pi-data_2024-10-08_15-45-15_Wistar_Urgency_group2/box05/mic/20241008_154456.WAV,026_029,M,EtOH_EtOH,155700
/datastar/annaRemes/scentEtOH_urgency/wistar/RAP/2024-10-08_15-45-15_Wistar_Urgency_group2/pi-data_2024-10-08_15-45-15_Wistar_Urgency_group2/box05/mic/20241008_160240.WAV,026_029,M,EtOH_EtOH,155700
/datastar/annaRemes/scentEtOH_urgency/wistar/RAP/2024-10-08_15-45-15_Wistar_Urgency_group2/pi-data_2024-10-08_15-45-15_Wistar_Urgency_group2/box05/mic/20241008_163245.WAV,026_029,M,EtOH_EtOH,155700
/datastar/annaRemes/scentEtOH_urgency/wistar/RAP/2024-10-08_15-45-15_Wistar_Urgency_group2/pi-data_2024-10-08_15-45-15_Wistar_Urgency_group2/box05/mic/20241008_165903.WAV,026_029,M,EtOH_EtOH,155700
/datastar/annaRemes/scentEtOH_urgency/wistar/RAP/2024-10-08_15-45-15_Wistar_Urgency_group2/pi-data_2024-10-08_15-45-15_Wistar_Urgency_group2/box03/mic/20241008_154525.WAV,027_023,F,EtOH_EtOH,155700
/datastar/annaRemes/scentEtOH_urgency/wistar/RAP/2024-10-08_15-45-15_Wistar_Urgency_group2/pi-data_2024-10-08_15-45-15_Wistar_Urgency_group2/box03/mic/20241008_160240.WAV,027_023,F,EtOH_EtOH,155700
/datastar/annaRemes/scentEtOH_urgency/wistar/RAP/2024-10-08_15-45-15_Wistar_Urgency_group2/pi-data_2024-10-08_15-45-15_Wistar_Urgency_group2/box03/mic/20241008_163245.WAV,027_023,F,EtOH_EtOH,155700
/datastar/annaRemes/scentEtOH_urgency/wistar/RAP/2024-10-08_15-45-15_Wistar_Urgency_group2/pi-data_2024-10-08_15-45-15_Wistar_Urgency_group2/box03/mic/20241008_170129.WAV,027_023,F,EtOH_EtOH,155700
/datastar/annaRemes/scentEtOH_urgency/wistar/RAP/2024-10-08_15-45-15_Wistar_Urgency_group2/pi-data_2024-10-08_15-45-15_Wistar_Urgency_group2/box02/mic/20241008_154515.WAV,028_004,F,EtOH_Control,155700
/datastar/annaRemes/scentEtOH_urgency/wistar/RAP/2024-10-08_15-45-15_Wistar_Urgency_group2/pi-data_2024-10-08_15-45-15_Wistar_Urgency_group2/box02/mic/20241008_160240.WAV,028_004,F,EtOH_Control,155700
/datastar/annaRemes/scentEtOH_urgency/wistar/RAP/2024-10-08_15-45-15_Wistar_Urgency_group2/pi-data_2024-10-08_15-45-15_Wistar_Urgency_group2/box02/mic/20241008_163245.WAV,028_004,F,EtOH_Control,155700
/datastar/annaRemes/scentEtOH_urgency/wistar/RAP/2024-10-08_15-45-15_Wistar_Urgency_group2/pi-data_2024-10-08_15-45-15_Wistar_Urgency_group2/box02/mic/20241008_170119.WAV,028_004,F,EtOH_Control,155700
/datastar/annaRemes/scentEtOH_urgency/wistar/RAP/2024-10-08_15-45-15_Wistar_Urgency_group2/pi-data_2024-10-08_15-45-15_Wistar_Urgency_group2/box06/mic/20241008_154445.WAV,036_040,M,EtOH_EtOH,155700
/datastar/annaRemes/scentEtOH_urgency/wistar/RAP/2024-10-08_15-45-15_Wistar_Urgency_group2/pi-data_2024-10-08_15-45-15_Wistar_Urgency_group2/box06/mic/20241008_160240.WAV,036_040,M,EtOH_EtOH,155700
/datastar/annaRemes/scentEtOH_urgency/wistar/RAP/2024-10-08_15-45-15_Wistar_Urgency_group2/pi-data_2024-10-08_15-45-15_Wistar_Urgency_group2/box06/mic/20241008_163245.WAV,036_040,M,EtOH_EtOH,155700
/datastar/annaRemes/scentEtOH_urgency/wistar/RAP/2024-10-08_15-45-15_Wistar_Urgency_group2/pi-data_2024-10-08_15-45-15_Wistar_Urgency_group2/box06/mic/20241008_165910.WAV,036_040,M,EtOH_EtOH,155700
/datastar/annaRemes/scentEtOH_urgency/wistar/RAP/2024-10-08_15-45-15_Wistar_Urgency_group2/pi-data_2024-10-08_15-45-15_Wistar_Urgency_group2/box01/mic/20241008_154509.WAV,037_014,F,EtOH_Control,155700
/datastar/annaRemes/scentEtOH_urgency/wistar/RAP/2024-10-08_15-45-15_Wistar_Urgency_group2/pi-data_2024-10-08_15-45-15_Wistar_Urgency_group2/box01/mic/20241008_160240.WAV,037_014,F,EtOH_Control,155700
/datastar/annaRemes/scentEtOH_urgency/wistar/RAP/2024-10-08_15-45-15_Wistar_Urgency_group2/pi-data_2024-10-08_15-45-15_Wistar_Urgency_group2/box01/mic/20241008_163245.WAV,037_014,F,EtOH_Control,155700
/datastar/annaRemes/scentEtOH_urgency/wistar/RAP/2024-10-08_15-45-15_Wistar_Urgency_group2/pi-data_2024-10-08_15-45-15_Wistar_Urgency_group2/box01/mic/20241008_170111.WAV,037_014,F,EtOH_Control,155700
/datastar/annaRemes/scentEtOH_urgency/wistar/RAP/2024-10-08_17-02-50_Wistar_Urgency_group3/pi-data_2024-10-08_17-02-50_Wistar_Urgency_group3/box05/mic/20241008_170250.WAV,020,F,EtOH,171200
/datastar/annaRemes/scentEtOH_urgency/wistar/RAP/2024-10-08_17-02-50_Wistar_Urgency_group3/pi-data_2024-10-08_17-02-50_Wistar_Urgency_group3/box05/mic/20241008_173255.WAV,020,F,EtOH,171200
/datastar/annaRemes/scentEtOH_urgency/wistar/RAP/2024-10-08_17-02-50_Wistar_Urgency_group3/pi-data_2024-10-08_17-02-50_Wistar_Urgency_group3/box05/mic/20241008_180300.WAV,020,F,EtOH,171200
/datastar/annaRemes/scentEtOH_urgency/wistar/RAP/2024-10-08_17-02-50_Wistar_Urgency_group3/pi-data_2024-10-08_17-02-50_Wistar_Urgency_group3/box05/mic/20241008_181501.WAV,020,F,EtOH,171200
/datastar/annaRemes/scentEtOH_urgency/wistar/RAP/2024-10-08_17-02-50_Wistar_Urgency_group3/pi-data_2024-10-08_17-02-50_Wistar_Urgency_group3/box01/mic/20241008_170250.WAV,045_052,M,EtOH_EtOH,171200
/datastar/annaRemes/scentEtOH_urgency/wistar/RAP/2024-10-08_17-02-50_Wistar_Urgency_group3/pi-data_2024-10-08_17-02-50_Wistar_Urgency_group3/box01/mic/20241008_173255.WAV,045_052,M,EtOH_EtOH,171200
/datastar/annaRemes/scentEtOH_urgency/wistar/RAP/2024-10-08_17-02-50_Wistar_Urgency_group3/pi-data_2024-10-08_17-02-50_Wistar_Urgency_group3/box01/mic/20241008_180300.WAV,045_052,M,EtOH_EtOH,171200
/datastar/annaRemes/scentEtOH_urgency/wistar/RAP/2024-10-08_17-02-50_Wistar_Urgency_group3/pi-data_2024-10-08_17-02-50_Wistar_Urgency_group3/box01/mic/20241008_181526.WAV,045_052,M,EtOH_EtOH,171200
/datastar/annaRemes/scentEtOH_urgency/wistar/RAP/2024-10-08_17-02-50_Wistar_Urgency_group3/pi-data_2024-10-08_17-02-50_Wistar_Urgency_group3/box04/mic/20241008_170250.WAV,048_039,F,EtOH_EtOH,171200
/datastar/annaRemes/scentEtOH_urgency/wistar/RAP/2024-10-08_17-02-50_Wistar_Urgency_group3/pi-data_2024-10-08_17-02-50_Wistar_Urgency_group3/box04/mic/20241008_173255.WAV,048_039,F,EtOH_EtOH,171200
/datastar/annaRemes/scentEtOH_urgency/wistar/RAP/2024-10-08_17-02-50_Wistar_Urgency_group3/pi-data_2024-10-08_17-02-50_Wistar_Urgency_group3/box04/mic/20241008_180300.WAV,048_039,F,EtOH_EtOH,171200
/datastar/annaRemes/scentEtOH_urgency/wistar/RAP/2024-10-08_17-02-50_Wistar_Urgency_group3/pi-data_2024-10-08_17-02-50_Wistar_Urgency_group3/box04/mic/20241008_181408.WAV,048_039,F,EtOH_EtOH,171200
/datastar/annaRemes/scentEtOH_urgency/wistar/RAP/2024-10-08_17-02-50_Wistar_Urgency_group3/pi-data_2024-10-08_17-02-50_Wistar_Urgency_group3/box03/mic/20241008_170250.WAV,049_015,M,EtOH_Control,171200
/datastar/annaRemes/scentEtOH_urgency/wistar/RAP/2024-10-08_17-02-50_Wistar_Urgency_group3/pi-data_2024-10-08_17-02-50_Wistar_Urgency_group3/box03/mic/20241008_173255.WAV,049_015,M,EtOH_Control,171200
/datastar/annaRemes/scentEtOH_urgency/wistar/RAP/2024-10-08_17-02-50_Wistar_Urgency_group3/pi-data_2024-10-08_17-02-50_Wistar_Urgency_group3/box03/mic/20241008_180300.WAV,049_015,M,EtOH_Control,171200
/datastar/annaRemes/scentEtOH_urgency/wistar/RAP/2024-10-08_17-02-50_Wistar_Urgency_group3/pi-data_2024-10-08_17-02-50_Wistar_Urgency_group3/box03/mic/20241008_181538.WAV,049_015,M,EtOH_Control,171200
/datastar/annaRemes/scentEtOH_urgency/wistar/RAP/2024-10-08_17-02-50_Wistar_Urgency_group3/pi-data_2024-10-08_17-02-50_Wistar_Urgency_group3/box06/mic/20241008_170250.WAV,055_010,F,EtOH_Control,171200
/datastar/annaRemes/scentEtOH_urgency/wistar/RAP/2024-10-08_17-02-50_Wistar_Urgency_group3/pi-data_2024-10-08_17-02-50_Wistar_Urgency_group3/box06/mic/20241008_173255.WAV,055_010,F,EtOH_Control,171200
/datastar/annaRemes/scentEtOH_urgency/wistar/RAP/2024-10-08_17-02-50_Wistar_Urgency_group3/pi-data_2024-10-08_17-02-50_Wistar_Urgency_group3/box06/mic/20241008_180300.WAV,055_010,F,EtOH_Control,171200
/datastar/annaRemes/scentEtOH_urgency/wistar/RAP/2024-10-08_17-02-50_Wistar_Urgency_group3/pi-data_2024-10-08_17-02-50_Wistar_Urgency_group3/box06/mic/20241008_181543.WAV,055_010,F,EtOH_Control,171200
/datastar/annaRemes/scentEtOH_urgency/wistar/RAP/2024-10-08_17-02-50_Wistar_Urgency_group3/pi-data_2024-10-08_17-02-50_Wistar_Urgency_group3/box02/mic/20241008_170250.WAV,056_019,M,EtOH_EtOH,171200
/datastar/annaRemes/scentEtOH_urgency/wistar/RAP/2024-10-08_17-02-50_Wistar_Urgency_group3/pi-data_2024-10-08_17-02-50_Wistar_Urgency_group3/box02/mic/20241008_173255.WAV,056_019,M,EtOH_EtOH,171200
/datastar/annaRemes/scentEtOH_urgency/wistar/RAP/2024-10-08_17-02-50_Wistar_Urgency_group3/pi-data_2024-10-08_17-02-50_Wistar_Urgency_group3/box02/mic/20241008_180300.WAV,056_019,M,EtOH_EtOH,171200
/datastar/annaRemes/scentEtOH_urgency/wistar/RAP/2024-10-08_17-02-50_Wistar_Urgency_group3/pi-data_2024-10-08_17-02-50_Wistar_Urgency_group3/box02/mic/20241008_181531.WAV,056_019,M,EtOH_EtOH,171200
/datastar/annaRemes/scentEtOH_urgency/wistar/RAP/2024-10-08_18-15-31_Wistar_Urgency_group4/pi-data_2024-10-08_18-15-31_Wistar_Urgency_group4/box03/mic/20241008_181538.WAV,016_050,F,Control_EtOH,182600
/datastar/annaRemes/scentEtOH_urgency/wistar/RAP/2024-10-08_18-15-31_Wistar_Urgency_group4/pi-data_2024-10-08_18-15-31_Wistar_Urgency_group4/box03/mic/20241008_183305.WAV,016_050,F,Control_EtOH,182600
/datastar/annaRemes/scentEtOH_urgency/wistar/RAP/2024-10-08_18-15-31_Wistar_Urgency_group4/pi-data_2024-10-08_18-15-31_Wistar_Urgency_group4/box03/mic/20241008_190310.WAV,016_050,F,Control_EtOH,182600
/datastar/annaRemes/scentEtOH_urgency/wistar/RAP/2024-10-08_18-15-31_Wistar_Urgency_group4/pi-data_2024-10-08_18-15-31_Wistar_Urgency_group4/box03/mic/20241008_193248.WAV,016_050,F,Control_EtOH,182600
/datastar/annaRemes/scentEtOH_urgency/wistar/RAP/2024-10-08_18-15-31_Wistar_Urgency_group4/pi-data_2024-10-08_18-15-31_Wistar_Urgency_group4/box06/mic/20241008_181543.WAV,018_002,F,EtOH_Control,182600
/datastar/annaRemes/scentEtOH_urgency/wistar/RAP/2024-10-08_18-15-31_Wistar_Urgency_group4/pi-data_2024-10-08_18-15-31_Wistar_Urgency_group4/box06/mic/20241008_183305.WAV,018_002,F,EtOH_Control,182600
/datastar/annaRemes/scentEtOH_urgency/wistar/RAP/2024-10-08_18-15-31_Wistar_Urgency_group4/pi-data_2024-10-08_18-15-31_Wistar_Urgency_group4/box06/mic/20241008_190310.WAV,018_002,F,EtOH_Control,182600
/datastar/annaRemes/scentEtOH_urgency/wistar/RAP/2024-10-08_18-15-31_Wistar_Urgency_group4/pi-data_2024-10-08_18-15-31_Wistar_Urgency_group4/box06/mic/20241008_193315.WAV,018_002,F,EtOH_Control,182600
/datastar/annaRemes/scentEtOH_urgency/wistar/RAP/2024-10-08_18-15-31_Wistar_Urgency_group4/pi-data_2024-10-08_18-15-31_Wistar_Urgency_group4/box01/mic/20241008_181526.WAV,021_005,M,EtOH_Control,182600
/datastar/annaRemes/scentEtOH_urgency/wistar/RAP/2024-10-08_18-15-31_Wistar_Urgency_group4/pi-data_2024-10-08_18-15-31_Wistar_Urgency_group4/box01/mic/20241008_183305.WAV,021_005,M,EtOH_Control,182600
/datastar/annaRemes/scentEtOH_urgency/wistar/RAP/2024-10-08_18-15-31_Wistar_Urgency_group4/pi-data_2024-10-08_18-15-31_Wistar_Urgency_group4/box01/mic/20241008_190310.WAV,021_005,M,EtOH_Control,182600
/datastar/annaRemes/scentEtOH_urgency/wistar/RAP/2024-10-08_18-15-31_Wistar_Urgency_group4/pi-data_2024-10-08_18-15-31_Wistar_Urgency_group4/box01/mic/20241008_193239.WAV,021_005,M,EtOH_Control,182600
/datastar/annaRemes/scentEtOH_urgency/wistar/RAP/2024-10-08_18-15-31_Wistar_Urgency_group4/pi-data_2024-10-08_18-15-31_Wistar_Urgency_group4/box02/mic/20241008_181531.WAV,024_038,M,EtOH_EtOH,182600
/datastar/annaRemes/scentEtOH_urgency/wistar/RAP/2024-10-08_18-15-31_Wistar_Urgency_group4/pi-data_2024-10-08_18-15-31_Wistar_Urgency_group4/box02/mic/20241008_183305.WAV,024_038,M,EtOH_EtOH,182600
/datastar/annaRemes/scentEtOH_urgency/wistar/RAP/2024-10-08_18-15-31_Wistar_Urgency_group4/pi-data_2024-10-08_18-15-31_Wistar_Urgency_group4/box02/mic/20241008_190310.WAV,024_038,M,EtOH_EtOH,182600
/datastar/annaRemes/scentEtOH_urgency/wistar/RAP/2024-10-08_18-15-31_Wistar_Urgency_group4/pi-data_2024-10-08_18-15-31_Wistar_Urgency_group4/box02/mic/20241008_193243.WAV,024_038,M,EtOH_EtOH,182600
/datastar/annaRemes/scentEtOH_urgency/wistar/RAP/2024-10-08_18-15-31_Wistar_Urgency_group4/pi-data_2024-10-08_18-15-31_Wistar_Urgency_group4/box05/mic/20241008_181501.WAV,009_031,M,Control_EtOH,182600
/datastar/annaRemes/scentEtOH_urgency/wistar/RAP/2024-10-08_18-15-31_Wistar_Urgency_group4/pi-data_2024-10-08_18-15-31_Wistar_Urgency_group4/box05/mic/20241008_183305.WAV,009_031,M,Control_EtOH,182600
/datastar/annaRemes/scentEtOH_urgency/wistar/RAP/2024-10-08_18-15-31_Wistar_Urgency_group4/pi-data_2024-10-08_18-15-31_Wistar_Urgency_group4/box05/mic/20241008_190310.WAV,009_031,M,Control_EtOH,182600
/datastar/annaRemes/scentEtOH_urgency/wistar/RAP/2024-10-08_18-15-31_Wistar_Urgency_group4/pi-data_2024-10-08_18-15-31_Wistar_Urgency_group4/box05/mic/20241008_193315.WAV,009_031,M,Control_EtOH,182600
/datastar/annaRemes/scentEtOH_urgency/wistar/RAP/2024-10-08_19-33-15_Wistar_Urgency_group5/pi-data_2024-10-08_19-33-15_Wistar_Urgency_group5/box03/mic/20241008_193315.WAV,012_006,F,Control_Control,195732
/datastar/annaRemes/scentEtOH_urgency/wistar/RAP/2024-10-08_19-33-15_Wistar_Urgency_group5/pi-data_2024-10-08_19-33-15_Wistar_Urgency_group5/box03/mic/20241008_200320.WAV,012_006,F,Control_Control,195732
/datastar/annaRemes/scentEtOH_urgency/wistar/RAP/2024-10-08_19-33-15_Wistar_Urgency_group5/pi-data_2024-10-08_19-33-15_Wistar_Urgency_group5/box03/mic/20241008_203325.WAV,012_006,F,Control_Control,195732
/datastar/annaRemes/scentEtOH_urgency/wistar/RAP/2024-10-08_19-33-15_Wistar_Urgency_group5/pi-data_2024-10-08_19-33-15_Wistar_Urgency_group5/box04/mic/20241008_193726.WAV,013_001,M,Control_Control,195732
/datastar/annaRemes/scentEtOH_urgency/wistar/RAP/2024-10-08_19-33-15_Wistar_Urgency_group5/pi-data_2024-10-08_19-33-15_Wistar_Urgency_group5/box04/mic/20241008_200320.WAV,013_001,M,Control_Control,195732
/datastar/annaRemes/scentEtOH_urgency/wistar/RAP/2024-10-08_19-33-15_Wistar_Urgency_group5/pi-data_2024-10-08_19-33-15_Wistar_Urgency_group5/box04/mic/20241008_203325.WAV,013_001,M,Control_Control,195732
/datastar/annaRemes/scentEtOH_urgency/wistar/RAP/2024-10-08_19-33-15_Wistar_Urgency_group5/pi-data_2024-10-08_19-33-15_Wistar_Urgency_group5/box06/mic/20241008_193930.WAV,022_033,M,EtOH_EtOH,195732
/datastar/annaRemes/scentEtOH_urgency/wistar/RAP/2024-10-08_19-33-15_Wistar_Urgency_group5/pi-data_2024-10-08_19-33-15_Wistar_Urgency_group5/box06/mic/20241008_200320.WAV,022_033,M,EtOH_EtOH,195732
/datastar/annaRemes/scentEtOH_urgency/wistar/RAP/2024-10-08_19-33-15_Wistar_Urgency_group5/pi-data_2024-10-08_19-33-15_Wistar_Urgency_group5/box06/mic/20241008_203325.WAV,022_033,M,EtOH_EtOH,195732
/datastar/annaRemes/scentEtOH_urgency/wistar/RAP/2024-10-08_19-33-15_Wistar_Urgency_group5/pi-data_2024-10-08_19-33-15_Wistar_Urgency_group5/box05/mic/20241008_193935.WAV,034_057,M,EtOH_EtOH,195732
/datastar/annaRemes/scentEtOH_urgency/wistar/RAP/2024-10-08_19-33-15_Wistar_Urgency_group5/pi-data_2024-10-08_19-33-15_Wistar_Urgency_group5/box05/mic/20241008_200320.WAV,034_057,M,EtOH_EtOH,195732
/datastar/annaRemes/scentEtOH_urgency/wistar/RAP/2024-10-08_19-33-15_Wistar_Urgency_group5/pi-data_2024-10-08_19-33-15_Wistar_Urgency_group5/box05/mic/20241008_203325.WAV,034_057,M,EtOH_EtOH,195732
/datastar/annaRemes/scentEtOH_urgency/wistar/RAP/2024-10-08_19-33-15_Wistar_Urgency_group5/pi-data_2024-10-08_19-33-15_Wistar_Urgency_group5/box01/mic/20241008_193315.WAV,035,F,EtOH,195732
/datastar/annaRemes/scentEtOH_urgency/wistar/RAP/2024-10-08_19-33-15_Wistar_Urgency_group5/pi-data_2024-10-08_19-33-15_Wistar_Urgency_group5/box01/mic/20241008_200320.WAV,035,F,EtOH,195732
/datastar/annaRemes/scentEtOH_urgency/wistar/RAP/2024-10-08_19-33-15_Wistar_Urgency_group5/pi-data_2024-10-08_19-33-15_Wistar_Urgency_group5/box01/mic/20241008_203325.WAV,035,F,EtOH,195732
/datastar/annaRemes/scentEtOH_urgency/wistar/RAP/2024-10-08_19-33-15_Wistar_Urgency_group5/pi-data_2024-10-08_19-33-15_Wistar_Urgency_group5/box02/mic/20241008_193315.WAV,041,F,EtOH,195732
/datastar/annaRemes/scentEtOH_urgency/wistar/RAP/2024-10-08_19-33-15_Wistar_Urgency_group5/pi-data_2024-10-08_19-33-15_Wistar_Urgency_group5/box02/mic/20241008_200320.WAV,041,F,EtOH,195732
/datastar/annaRemes/scentEtOH_urgency/wistar/RAP/2024-10-08_19-33-15_Wistar_Urgency_group5/pi-data_2024-10-08_19-33-15_Wistar_Urgency_group5/box02/mic/20241008_203325.WAV,041,F,EtOH,195732
/datastar/annaRemes/scentEtOH_urgency/wistar/RAP/2024-10-09_14-28-04_Wistar_Urgency_group1/pi-data_2024-10-09_14-28-04_Wistar_Urgency_group1/box05/mic/20241009_142300.WAV,014_023,F,Control_EtOH,142900
/datastar/annaRemes/scentEtOH_urgency/wistar/RAP/2024-10-09_14-28-04_Wistar_Urgency_group1/pi-data_2024-10-09_14-28-04_Wistar_Urgency_group1/box05/mic/20241009_143225.WAV,014_023,F,Control_EtOH,142900
/datastar/annaRemes/scentEtOH_urgency/wistar/RAP/2024-10-09_14-28-04_Wistar_Urgency_group1/pi-data_2024-10-09_14-28-04_Wistar_Urgency_group1/box05/mic/20241009_150230.WAV,014_023,F,Control_EtOH,142900
/datastar/annaRemes/scentEtOH_urgency/wistar/RAP/2024-10-09_14-28-04_Wistar_Urgency_group1/pi-data_2024-10-09_14-28-04_Wistar_Urgency_group1/box05/mic/20241009_153140.WAV,014_023,F,Control_EtOH,142900
/datastar/annaRemes/scentEtOH_urgency/wistar/RAP/2024-10-09_14-28-04_Wistar_Urgency_group1/pi-data_2024-10-09_14-28-04_Wistar_Urgency_group1/box01/mic/20241009_142712.WAV,029_040,M,EtOH_EtOH,142900
/datastar/annaRemes/scentEtOH_urgency/wistar/RAP/2024-10-09_14-28-04_Wistar_Urgency_group1/pi-data_2024-10-09_14-28-04_Wistar_Urgency_group1/box01/mic/20241009_143225.WAV,029_040,M,EtOH_EtOH,142900
/datastar/annaRemes/scentEtOH_urgency/wistar/RAP/2024-10-09_14-28-04_Wistar_Urgency_group1/pi-data_2024-10-09_14-28-04_Wistar_Urgency_group1/box01/mic/20241009_150230.WAV,029_040,M,EtOH_EtOH,142900
/datastar/annaRemes/scentEtOH_urgency/wistar/RAP/2024-10-09_14-28-04_Wistar_Urgency_group1/pi-data_2024-10-09_14-28-04_Wistar_Urgency_group1/box01/mic/20241009_153238.WAV,029_040,M,EtOH_EtOH,142900
/datastar/annaRemes/scentEtOH_urgency/wistar/RAP/2024-10-09_14-28-04_Wistar_Urgency_group1/pi-data_2024-10-09_14-28-04_Wistar_Urgency_group1/box02/mic/20241009_142804.WAV,036_026,M,EtOH_EtOH,142900
/datastar/annaRemes/scentEtOH_urgency/wistar/RAP/2024-10-09_14-28-04_Wistar_Urgency_group1/pi-data_2024-10-09_14-28-04_Wistar_Urgency_group1/box02/mic/20241009_143225.WAV,036_026,M,EtOH_EtOH,142900
/datastar/annaRemes/scentEtOH_urgency/wistar/RAP/2024-10-09_14-28-04_Wistar_Urgency_group1/pi-data_2024-10-09_14-28-04_Wistar_Urgency_group1/box02/mic/20241009_150230.WAV,036_026,M,EtOH_EtOH,142900
/datastar/annaRemes/scentEtOH_urgency/wistar/RAP/2024-10-09_14-28-04_Wistar_Urgency_group1/pi-data_2024-10-09_14-28-04_Wistar_Urgency_group1/box02/mic/20241009_153235.WAV,036_026,M,EtOH_EtOH,142900
/datastar/annaRemes/scentEtOH_urgency/wistar/RAP/2024-10-09_14-28-04_Wistar_Urgency_group1/pi-data_2024-10-09_14-28-04_Wistar_Urgency_group1/box06/mic/20241009_142306.WAV,037_027,F,EtOH_EtOH,142900
/datastar/annaRemes/scentEtOH_urgency/wistar/RAP/2024-10-09_14-28-04_Wistar_Urgency_group1/pi-data_2024-10-09_14-28-04_Wistar_Urgency_group1/box06/mic/20241009_143225.WAV,037_027,F,EtOH_EtOH,142900
/datastar/annaRemes/scentEtOH_urgency/wistar/RAP/2024-10-09_14-28-04_Wistar_Urgency_group1/pi-data_2024-10-09_14-28-04_Wistar_Urgency_group1/box06/mic/20241009_150230.WAV,037_027,F,EtOH_EtOH,142900
/datastar/annaRemes/scentEtOH_urgency/wistar/RAP/2024-10-09_14-28-04_Wistar_Urgency_group1/pi-data_2024-10-09_14-28-04_Wistar_Urgency_group1/box06/mic/20241009_153145.WAV,037_027,F,EtOH_EtOH,142900
/datastar/annaRemes/scentEtOH_urgency/wistar/RAP/2024-10-09_14-28-04_Wistar_Urgency_group1/pi-data_2024-10-09_14-28-04_Wistar_Urgency_group1/box04/mic/20241009_142323.WAV,004_028,F,Control_EtOH,142900
/datastar/annaRemes/scentEtOH_urgency/wistar/RAP/2024-10-09_14-28-04_Wistar_Urgency_group1/pi-data_2024-10-09_14-28-04_Wistar_Urgency_group1/box04/mic/20241009_143225.WAV,004_028,F,Control_EtOH,142900
/datastar/annaRemes/scentEtOH_urgency/wistar/RAP/2024-10-09_14-28-04_Wistar_Urgency_group1/pi-data_2024-10-09_14-28-04_Wistar_Urgency_group1/box04/mic/20241009_150230.WAV,004_028,F,Control_EtOH,142900
/datastar/annaRemes/scentEtOH_urgency/wistar/RAP/2024-10-09_14-28-04_Wistar_Urgency_group1/pi-data_2024-10-09_14-28-04_Wistar_Urgency_group1/box04/mic/20241009_153133.WAV,004_028,F,Control_EtOH,142900
/datastar/annaRemes/scentEtOH_urgency/wistar/RAP/2024-10-09_14-28-04_Wistar_Urgency_group1/pi-data_2024-10-09_14-28-04_Wistar_Urgency_group1/box03/mic/20241009_142332.WAV,042_011,M,EtOH_Control,142900
/datastar/annaRemes/scentEtOH_urgency/wistar/RAP/2024-10-09_14-28-04_Wistar_Urgency_group1/pi-data_2024-10-09_14-28-04_Wistar_Urgency_group1/box03/mic/20241009_143225.WAV,042_011,M,EtOH_Control,142900
/datastar/annaRemes/scentEtOH_urgency/wistar/RAP/2024-10-09_14-28-04_Wistar_Urgency_group1/pi-data_2024-10-09_14-28-04_Wistar_Urgency_group1/box03/mic/20241009_150230.WAV,042_011,M,EtOH_Control,142900
/datastar/annaRemes/scentEtOH_urgency/wistar/RAP/2024-10-09_14-28-04_Wistar_Urgency_group1/pi-data_2024-10-09_14-28-04_Wistar_Urgency_group1/box03/mic/20241009_153235.WAV,042_011,M,EtOH_Control,142900
/datastar/annaRemes/scentEtOH_urgency/wistar/RAP/2024-10-09_15-32-47_Wistar_Urgency_group2/pi-data_2024-10-09_15-32-47_Wistar_Urgency_group2/box01/mic/20241009_153238.WAV,010,F,Control,154400
/datastar/annaRemes/scentEtOH_urgency/wistar/RAP/2024-10-09_15-32-47_Wistar_Urgency_group2/pi-data_2024-10-09_15-32-47_Wistar_Urgency_group2/box01/mic/20241009_160240.WAV,010,F,Control,154400
/datastar/annaRemes/scentEtOH_urgency/wistar/RAP/2024-10-09_15-32-47_Wistar_Urgency_group2/pi-data_2024-10-09_15-32-47_Wistar_Urgency_group2/box01/mic/20241009_163245.WAV,010,F,Control,154400
/datastar/annaRemes/scentEtOH_urgency/wistar/RAP/2024-10-09_15-32-47_Wistar_Urgency_group2/pi-data_2024-10-09_15-32-47_Wistar_Urgency_group2/box01/mic/20241009_164651.WAV,010,F,Control,154400
/datastar/annaRemes/scentEtOH_urgency/wistar/RAP/2024-10-09_15-32-47_Wistar_Urgency_group2/pi-data_2024-10-09_15-32-47_Wistar_Urgency_group2/box05/mic/20241009_153235.WAV,015_056,M,Control_EtOH,154400
/datastar/annaRemes/scentEtOH_urgency/wistar/RAP/2024-10-09_15-32-47_Wistar_Urgency_group2/pi-data_2024-10-09_15-32-47_Wistar_Urgency_group2/box05/mic/20241009_160240.WAV,015_056,M,Control_EtOH,154400
/datastar/annaRemes/scentEtOH_urgency/wistar/RAP/2024-10-09_15-32-47_Wistar_Urgency_group2/pi-data_2024-10-09_15-32-47_Wistar_Urgency_group2/box05/mic/20241009_163245.WAV,015_056,M,Control_EtOH,154400
/datastar/annaRemes/scentEtOH_urgency/wistar/RAP/2024-10-09_15-32-47_Wistar_Urgency_group2/pi-data_2024-10-09_15-32-47_Wistar_Urgency_group2/box05/mic/20241009_164549.WAV,015_056,M,Control_EtOH,154400
/datastar/annaRemes/scentEtOH_urgency/wistar/RAP/2024-10-09_15-32-47_Wistar_Urgency_group2/pi-data_2024-10-09_15-32-47_Wistar_Urgency_group2/box06/mic/20241009_153235.WAV,019_049,M,EtOH_EtOH,154400
/datastar/annaRemes/scentEtOH_urgency/wistar/RAP/2024-10-09_15-32-47_Wistar_Urgency_group2/pi-data_2024-10-09_15-32-47_Wistar_Urgency_group2/box06/mic/20241009_160240.WAV,019_049,M,EtOH_EtOH,154400
/datastar/annaRemes/scentEtOH_urgency/wistar/RAP/2024-10-09_15-32-47_Wistar_Urgency_group2/pi-data_2024-10-09_15-32-47_Wistar_Urgency_group2/box06/mic/20241009_163245.WAV,019_049,M,EtOH_EtOH,154400
/datastar/annaRemes/scentEtOH_urgency/wistar/RAP/2024-10-09_15-32-47_Wistar_Urgency_group2/pi-data_2024-10-09_15-32-47_Wistar_Urgency_group2/box06/mic/20241009_164624.WAV,019_049,M,EtOH_EtOH,154400
/datastar/annaRemes/scentEtOH_urgency/wistar/RAP/2024-10-09_15-32-47_Wistar_Urgency_group2/pi-data_2024-10-09_15-32-47_Wistar_Urgency_group2/box06/mic/20241009_153235.WAV,020_055,F,EtOH_EtOH,154400
/datastar/annaRemes/scentEtOH_urgency/wistar/RAP/2024-10-09_15-32-47_Wistar_Urgency_group2/pi-data_2024-10-09_15-32-47_Wistar_Urgency_group2/box06/mic/20241009_160240.WAV,020_055,F,EtOH_EtOH,154400
/datastar/annaRemes/scentEtOH_urgency/wistar/RAP/2024-10-09_15-32-47_Wistar_Urgency_group2/pi-data_2024-10-09_15-32-47_Wistar_Urgency_group2/box06/mic/20241009_163245.WAV,020_055,F,EtOH_EtOH,154400
/datastar/annaRemes/scentEtOH_urgency/wistar/RAP/2024-10-09_15-32-47_Wistar_Urgency_group2/pi-data_2024-10-09_15-32-47_Wistar_Urgency_group2/box06/mic/20241009_164624.WAV,020_055,F,EtOH_EtOH,154400
/datastar/annaRemes/scentEtOH_urgency/wistar/RAP/2024-10-09_15-32-47_Wistar_Urgency_group2/pi-data_2024-10-09_15-32-47_Wistar_Urgency_group2/box02/mic/20241009_153247.WAV,039_048,F,EtOH_EtOH,154400
/datastar/annaRemes/scentEtOH_urgency/wistar/RAP/2024-10-09_15-32-47_Wistar_Urgency_group2/pi-data_2024-10-09_15-32-47_Wistar_Urgency_group2/box02/mic/20241009_160240.WAV,039_048,F,EtOH_EtOH,154400
/datastar/annaRemes/scentEtOH_urgency/wistar/RAP/2024-10-09_15-32-47_Wistar_Urgency_group2/pi-data_2024-10-09_15-32-47_Wistar_Urgency_group2/box02/mic/20241009_163245.WAV,039_048,F,EtOH_EtOH,154400
/datastar/annaRemes/scentEtOH_urgency/wistar/RAP/2024-10-09_15-32-47_Wistar_Urgency_group2/pi-data_2024-10-09_15-32-47_Wistar_Urgency_group2/box02/mic/20241009_164717.WAV,039_048,F,EtOH_EtOH,154400
/datastar/annaRemes/scentEtOH_urgency/wistar/RAP/2024-10-09_15-32-47_Wistar_Urgency_group2/pi-data_2024-10-09_15-32-47_Wistar_Urgency_group2/box04/mic/20241009_153235.WAV,045_052,M,EtOH_EtOH,154400
/datastar/annaRemes/scentEtOH_urgency/wistar/RAP/2024-10-09_15-32-47_Wistar_Urgency_group2/pi-data_2024-10-09_15-32-47_Wistar_Urgency_group2/box04/mic/20241009_160240.WAV,045_052,M,EtOH_EtOH,154400
/datastar/annaRemes/scentEtOH_urgency/wistar/RAP/2024-10-09_15-32-47_Wistar_Urgency_group2/pi-data_2024-10-09_15-32-47_Wistar_Urgency_group2/box04/mic/20241009_163245.WAV,045_052,M,EtOH_EtOH,154400
/datastar/annaRemes/scentEtOH_urgency/wistar/RAP/2024-10-09_15-32-47_Wistar_Urgency_group2/pi-data_2024-10-09_15-32-47_Wistar_Urgency_group2/box04/mic/20241009_164514.WAV,045_052,M,EtOH_EtOH,154400
/datastar/annaRemes/scentEtOH_urgency/wistar/RAP/2024-10-09_16-47-17_Wistar_Urgency_group3/pi-data_2024-10-09_16-47-17_Wistar_Urgency_group3/box06/mic/20241009_164624.WAV,016_002,F,Control_Control,170000
/datastar/annaRemes/scentEtOH_urgency/wistar/RAP/2024-10-09_16-47-17_Wistar_Urgency_group3/pi-data_2024-10-09_16-47-17_Wistar_Urgency_group3/box06/mic/20241009_170250.WAV,016_002,F,Control_Control,170000
/datastar/annaRemes/scentEtOH_urgency/wistar/RAP/2024-10-09_16-47-17_Wistar_Urgency_group3/pi-data_2024-10-09_16-47-17_Wistar_Urgency_group3/box06/mic/20241009_173255.WAV,016_002,F,Control_Control,170000
/datastar/annaRemes/scentEtOH_urgency/wistar/RAP/2024-10-09_16-47-17_Wistar_Urgency_group3/pi-data_2024-10-09_16-47-17_Wistar_Urgency_group3/box06/mic/20241009_180204.WAV,016_002,F,Control_Control,170000
/datastar/annaRemes/scentEtOH_urgency/wistar/RAP/2024-10-09_16-47-17_Wistar_Urgency_group3/pi-data_2024-10-09_16-47-17_Wistar_Urgency_group3/box05/mic/20241009_164549.WAV,018_050,F,EtOH_EtOH,170000
/datastar/annaRemes/scentEtOH_urgency/wistar/RAP/2024-10-09_16-47-17_Wistar_Urgency_group3/pi-data_2024-10-09_16-47-17_Wistar_Urgency_group3/box05/mic/20241009_170250.WAV,018_050,F,EtOH_EtOH,170000
/datastar/annaRemes/scentEtOH_urgency/wistar/RAP/2024-10-09_16-47-17_Wistar_Urgency_group3/pi-data_2024-10-09_16-47-17_Wistar_Urgency_group3/box05/mic/20241009_173255.WAV,018_050,F,EtOH_EtOH,170000
/datastar/annaRemes/scentEtOH_urgency/wistar/RAP/2024-10-09_16-47-17_Wistar_Urgency_group3/pi-data_2024-10-09_16-47-17_Wistar_Urgency_group3/box05/mic/20241009_180129.WAV,018_050,F,EtOH_EtOH,170000
/datastar/annaRemes/scentEtOH_urgency/wistar/RAP/2024-10-09_16-47-17_Wistar_Urgency_group3/pi-data_2024-10-09_16-47-17_Wistar_Urgency_group3/box04/mic/20241009_164514.WAV,021_024,M,EtOH_EtOH,170000
/datastar/annaRemes/scentEtOH_urgency/wistar/RAP/2024-10-09_16-47-17_Wistar_Urgency_group3/pi-data_2024-10-09_16-47-17_Wistar_Urgency_group3/box04/mic/20241009_170250.WAV,021_024,M,EtOH_EtOH,170000
/datastar/annaRemes/scentEtOH_urgency/wistar/RAP/2024-10-09_16-47-17_Wistar_Urgency_group3/pi-data_2024-10-09_16-47-17_Wistar_Urgency_group3/box04/mic/20241009_173255.WAV,021_024,M,EtOH_EtOH,170000
/datastar/annaRemes/scentEtOH_urgency/wistar/RAP/2024-10-09_16-47-17_Wistar_Urgency_group3/pi-data_2024-10-09_16-47-17_Wistar_Urgency_group3/box04/mic/20241009_180054.WAV,021_024,M,EtOH_EtOH,170000
/datastar/annaRemes/scentEtOH_urgency/wistar/RAP/2024-10-09_16-47-17_Wistar_Urgency_group3/pi-data_2024-10-09_16-47-17_Wistar_Urgency_group3/box01/mic/20241009_164651.WAV,038_031,M,EtOH_EtOH,170000
/datastar/annaRemes/scentEtOH_urgency/wistar/RAP/2024-10-09_16-47-17_Wistar_Urgency_group3/pi-data_2024-10-09_16-47-17_Wistar_Urgency_group3/box01/mic/20241009_170250.WAV,038_031,M,EtOH_EtOH,170000
/datastar/annaRemes/scentEtOH_urgency/wistar/RAP/2024-10-09_16-47-17_Wistar_Urgency_group3/pi-data_2024-10-09_16-47-17_Wistar_Urgency_group3/box01/mic/20241009_173255.WAV,038_031,M,EtOH_EtOH,170000
/datastar/annaRemes/scentEtOH_urgency/wistar/RAP/2024-10-09_16-47-17_Wistar_Urgency_group3/pi-data_2024-10-09_16-47-17_Wistar_Urgency_group3/box01/mic/20241009_180240.WAV,038_031,M,EtOH_EtOH,170000
/datastar/annaRemes/scentEtOH_urgency/wistar/RAP/2024-10-09_16-47-17_Wistar_Urgency_group3/pi-data_2024-10-09_16-47-17_Wistar_Urgency_group3/box03/mic/20241009_165718.WAV,005,M,Control,170000
/datastar/annaRemes/scentEtOH_urgency/wistar/RAP/2024-10-09_16-47-17_Wistar_Urgency_group3/pi-data_2024-10-09_16-47-17_Wistar_Urgency_group3/box03/mic/20241009_170250.WAV,005,M,Control,170000
/datastar/annaRemes/scentEtOH_urgency/wistar/RAP/2024-10-09_16-47-17_Wistar_Urgency_group3/pi-data_2024-10-09_16-47-17_Wistar_Urgency_group3/box03/mic/20241009_173255.WAV,005,M,Control,170000
/datastar/annaRemes/scentEtOH_urgency/wistar/RAP/2024-10-09_16-47-17_Wistar_Urgency_group3/pi-data_2024-10-09_16-47-17_Wistar_Urgency_group3/box03/mic/20241009_180300.WAV,005,M,Control,170000
/datastar/annaRemes/scentEtOH_urgency/wistar/RAP/2024-10-09_16-47-17_Wistar_Urgency_group3/pi-data_2024-10-09_16-47-17_Wistar_Urgency_group3/box02/mic/20241009_164717.WAV,009,M,Control,170000
/datastar/annaRemes/scentEtOH_urgency/wistar/RAP/2024-10-09_16-47-17_Wistar_Urgency_group3/pi-data_2024-10-09_16-47-17_Wistar_Urgency_group3/box02/mic/20241009_170250.WAV,009,M,Control,170000
/datastar/annaRemes/scentEtOH_urgency/wistar/RAP/2024-10-09_16-47-17_Wistar_Urgency_group3/pi-data_2024-10-09_16-47-17_Wistar_Urgency_group3/box02/mic/20241009_173255.WAV,009,M,Control,170000
/datastar/annaRemes/scentEtOH_urgency/wistar/RAP/2024-10-09_16-47-17_Wistar_Urgency_group3/pi-data_2024-10-09_16-47-17_Wistar_Urgency_group3/box02/mic/20241009_180300.WAV,009,M,Control,170000
/datastar/annaRemes/scentEtOH_urgency/wistar/RAP/2024-10-09_18-21-18_Wistar_Urgency_group4/pi-data_2024-10-09_18-21-18_Wistar_Urgency_group4/box01/mic/20241009_182059.WAV,013_022,M,Control_EtOH,182600
/datastar/annaRemes/scentEtOH_urgency/wistar/RAP/2024-10-09_18-21-18_Wistar_Urgency_group4/pi-data_2024-10-09_18-21-18_Wistar_Urgency_group4/box01/mic/20241009_183305.WAV,013_022,M,Control_EtOH,182600
/datastar/annaRemes/scentEtOH_urgency/wistar/RAP/2024-10-09_18-21-18_Wistar_Urgency_group4/pi-data_2024-10-09_18-21-18_Wistar_Urgency_group4/box01/mic/20241009_190310.WAV,013_022,M,Control_EtOH,182600
/datastar/annaRemes/scentEtOH_urgency/wistar/RAP/2024-10-09_18-21-18_Wistar_Urgency_group4/pi-data_2024-10-09_18-21-18_Wistar_Urgency_group4/box01/mic/20241009_193315.WAV,013_022,M,Control_EtOH,182600
/datastar/annaRemes/scentEtOH_urgency/wistar/RAP/2024-10-09_18-21-18_Wistar_Urgency_group4/pi-data_2024-10-09_18-21-18_Wistar_Urgency_group4/box03/mic/20241009_182132.WAV,033_057,M,EtOH_EtOH,182600
/datastar/annaRemes/scentEtOH_urgency/wistar/RAP/2024-10-09_18-21-18_Wistar_Urgency_group4/pi-data_2024-10-09_18-21-18_Wistar_Urgency_group4/box03/mic/20241009_183305.WAV,033_057,M,EtOH_EtOH,182600
/datastar/annaRemes/scentEtOH_urgency/wistar/RAP/2024-10-09_18-21-18_Wistar_Urgency_group4/pi-data_2024-10-09_18-21-18_Wistar_Urgency_group4/box03/mic/20241009_190310.WAV,033_057,M,EtOH_EtOH,182600
/datastar/annaRemes/scentEtOH_urgency/wistar/RAP/2024-10-09_18-21-18_Wistar_Urgency_group4/pi-data_2024-10-09_18-21-18_Wistar_Urgency_group4/box03/mic/20241009_193315.WAV,033_057,M,EtOH_EtOH,182600
/datastar/annaRemes/scentEtOH_urgency/wistar/RAP/2024-10-09_18-21-18_Wistar_Urgency_group4/pi-data_2024-10-09_18-21-18_Wistar_Urgency_group4/box02/mic/20241009_182118.WAV,034_001,M,EtOH_Control,182600
/datastar/annaRemes/scentEtOH_urgency/wistar/RAP/2024-10-09_18-21-18_Wistar_Urgency_group4/pi-data_2024-10-09_18-21-18_Wistar_Urgency_group4/box02/mic/20241009_183305.WAV,034_001,M,EtOH_Control,182600
/datastar/annaRemes/scentEtOH_urgency/wistar/RAP/2024-10-09_18-21-18_Wistar_Urgency_group4/pi-data_2024-10-09_18-21-18_Wistar_Urgency_group4/box02/mic/20241009_190310.WAV,034_001,M,EtOH_Control,182600
/datastar/annaRemes/scentEtOH_urgency/wistar/RAP/2024-10-09_18-21-18_Wistar_Urgency_group4/pi-data_2024-10-09_18-21-18_Wistar_Urgency_group4/box02/mic/20241009_193315.WAV,034_001,M,EtOH_Control,182600
/datastar/annaRemes/scentEtOH_urgency/wistar/RAP/2024-10-09_18-21-18_Wistar_Urgency_group4/pi-data_2024-10-09_18-21-18_Wistar_Urgency_group4/box05/mic/20241009_182054.WAV,035_012,F,EtOH_Control,182600
/datastar/annaRemes/scentEtOH_urgency/wistar/RAP/2024-10-09_18-21-18_Wistar_Urgency_group4/pi-data_2024-10-09_18-21-18_Wistar_Urgency_group4/box05/mic/20241009_183305.WAV,035_012,F,EtOH_Control,182600
/datastar/annaRemes/scentEtOH_urgency/wistar/RAP/2024-10-09_18-21-18_Wistar_Urgency_group4/pi-data_2024-10-09_18-21-18_Wistar_Urgency_group4/box05/mic/20241009_190310.WAV,035_012,F,EtOH_Control,182600
/datastar/annaRemes/scentEtOH_urgency/wistar/RAP/2024-10-09_18-21-18_Wistar_Urgency_group4/pi-data_2024-10-09_18-21-18_Wistar_Urgency_group4/box05/mic/20241009_193315.WAV,035_012,F,EtOH_Control,182600
/datastar/annaRemes/scentEtOH_urgency/wistar/RAP/2024-10-09_18-21-18_Wistar_Urgency_group4/pi-data_2024-10-09_18-21-18_Wistar_Urgency_group4/box04/mic/20241009_182054.WAV,041,F,EtOH,182600
/datastar/annaRemes/scentEtOH_urgency/wistar/RAP/2024-10-09_18-21-18_Wistar_Urgency_group4/pi-data_2024-10-09_18-21-18_Wistar_Urgency_group4/box04/mic/20241009_183305.WAV,041,F,EtOH,182600
/datastar/annaRemes/scentEtOH_urgency/wistar/RAP/2024-10-09_18-21-18_Wistar_Urgency_group4/pi-data_2024-10-09_18-21-18_Wistar_Urgency_group4/box04/mic/20241009_190310.WAV,041,F,EtOH,182600
/datastar/annaRemes/scentEtOH_urgency/wistar/RAP/2024-10-09_18-21-18_Wistar_Urgency_group4/pi-data_2024-10-09_18-21-18_Wistar_Urgency_group4/box04/mic/20241009_193315.WAV,041,F,EtOH,182600
/datastar/annaRemes/scentEtOH_urgency/wistar/RAP/2024-10-09_18-21-18_Wistar_Urgency_group4/pi-data_2024-10-09_18-21-18_Wistar_Urgency_group4/box06/mic/20241009_182211.WAV,006,F,Control,182600
/datastar/annaRemes/scentEtOH_urgency/wistar/RAP/2024-10-09_18-21-18_Wistar_Urgency_group4/pi-data_2024-10-09_18-21-18_Wistar_Urgency_group4/box06/mic/20241009_183305.WAV,006,F,Control,182600
/datastar/annaRemes/scentEtOH_urgency/wistar/RAP/2024-10-09_18-21-18_Wistar_Urgency_group4/pi-data_2024-10-09_18-21-18_Wistar_Urgency_group4/box06/mic/20241009_190310.WAV,006,F,Control,182600
/datastar/annaRemes/scentEtOH_urgency/wistar/RAP/2024-10-09_18-21-18_Wistar_Urgency_group4/pi-data_2024-10-09_18-21-18_Wistar_Urgency_group4/box06/mic/20241009_193315.WAV,006,F,Control,182600
/datastar/annaRemes/scentEtOH_urgency/wistar/RAP/2024-10-09_19-35-05_Wistar_Urgency_group5/pi-data_2024-10-09_19-35-05_Wistar_Urgency_group5/box01/mic/20241009_193517.WAV,025_008,F,EtOH_Control,195321
/datastar/annaRemes/scentEtOH_urgency/wistar/RAP/2024-10-09_19-35-05_Wistar_Urgency_group5/pi-data_2024-10-09_19-35-05_Wistar_Urgency_group5/box01/mic/20241009_200320.WAV,025_008,F,EtOH_Control,195321
/datastar/annaRemes/scentEtOH_urgency/wistar/RAP/2024-10-09_19-35-05_Wistar_Urgency_group5/pi-data_2024-10-09_19-35-05_Wistar_Urgency_group5/box01/mic/20241009_203325.WAV,025_008,F,EtOH_Control,195321
/datastar/annaRemes/scentEtOH_urgency/wistar/RAP/2024-10-09_19-35-05_Wistar_Urgency_group5/pi-data_2024-10-09_19-35-05_Wistar_Urgency_group5/box03/mic/20241009_193458.WAV,030_051,F,EtOH_EtOH,195321
/datastar/annaRemes/scentEtOH_urgency/wistar/RAP/2024-10-09_19-35-05_Wistar_Urgency_group5/pi-data_2024-10-09_19-35-05_Wistar_Urgency_group5/box03/mic/20241009_200320.WAV,030_051,F,EtOH_EtOH,195321
/datastar/annaRemes/scentEtOH_urgency/wistar/RAP/2024-10-09_19-35-05_Wistar_Urgency_group5/pi-data_2024-10-09_19-35-05_Wistar_Urgency_group5/box03/mic/20241009_203325.WAV,030_051,F,EtOH_EtOH,195321
/datastar/annaRemes/scentEtOH_urgency/wistar/RAP/2024-10-09_19-35-05_Wistar_Urgency_group5/pi-data_2024-10-09_19-35-05_Wistar_Urgency_group5/box06/mic/20241009_194237.WAV,044,M,EtOH,195321
/datastar/annaRemes/scentEtOH_urgency/wistar/RAP/2024-10-09_19-35-05_Wistar_Urgency_group5/pi-data_2024-10-09_19-35-05_Wistar_Urgency_group5/box06/mic/20241009_200320.WAV,044,M,EtOH,195321
/datastar/annaRemes/scentEtOH_urgency/wistar/RAP/2024-10-09_19-35-05_Wistar_Urgency_group5/pi-data_2024-10-09_19-35-05_Wistar_Urgency_group5/box06/mic/20241009_203325.WAV,044,M,EtOH,195321
/datastar/annaRemes/scentEtOH_urgency/wistar/RAP/2024-10-09_19-35-05_Wistar_Urgency_group5/pi-data_2024-10-09_19-35-05_Wistar_Urgency_group5/box02/mic/20241009_193505.WAV,046_043,F,EtOH_EtOH,195321
/datastar/annaRemes/scentEtOH_urgency/wistar/RAP/2024-10-09_19-35-05_Wistar_Urgency_group5/pi-data_2024-10-09_19-35-05_Wistar_Urgency_group5/box02/mic/20241009_200320.WAV,046_043,F,EtOH_EtOH,195321
/datastar/annaRemes/scentEtOH_urgency/wistar/RAP/2024-10-09_19-35-05_Wistar_Urgency_group5/pi-data_2024-10-09_19-35-05_Wistar_Urgency_group5/box02/mic/20241009_203325.WAV,046_043,F,EtOH_EtOH,195321
/datastar/annaRemes/scentEtOH_urgency/wistar/RAP/2024-10-09_19-35-05_Wistar_Urgency_group5/pi-data_2024-10-09_19-35-05_Wistar_Urgency_group5/box04/mic/20241009_193910.WAV,054_003,M,EtOH_Control,195321
/datastar/annaRemes/scentEtOH_urgency/wistar/RAP/2024-10-09_19-35-05_Wistar_Urgency_group5/pi-data_2024-10-09_19-35-05_Wistar_Urgency_group5/box04/mic/20241009_200320.WAV,054_003,M,EtOH_Control,195321
/datastar/annaRemes/scentEtOH_urgency/wistar/RAP/2024-10-09_19-35-05_Wistar_Urgency_group5/pi-data_2024-10-09_19-35-05_Wistar_Urgency_group5/box04/mic/20241009_203325.WAV,054_003,M,EtOH_Control,195321
/datastar/annaRemes/scentEtOH_urgency/wistar/RAP/2024-10-09_19-35-05_Wistar_Urgency_group5/pi-data_2024-10-09_19-35-05_Wistar_Urgency_group5/box05/mic/20241009_194243.WAV,058_007,M,EtOH_Control,195321
/datastar/annaRemes/scentEtOH_urgency/wistar/RAP/2024-10-09_19-35-05_Wistar_Urgency_group5/pi-data_2024-10-09_19-35-05_Wistar_Urgency_group5/box05/mic/20241009_200320.WAV,058_007,M,EtOH_Control,195321
/datastar/annaRemes/scentEtOH_urgency/wistar/RAP/2024-10-09_19-35-05_Wistar_Urgency_group5/pi-data_2024-10-09_19-35-05_Wistar_Urgency_group5/box05/mic/20241009_203325.WAV,058_007,M,EtOH_Control,195321
/datastar/annaRemes/scentEtOH_urgency/wistar/RAP/2024-10-10_14-32-25_Wistar_Urgency_group1/pi-data_2024-10-10_14-32-25_Wistar_Urgency_group1/box05/mic/20241010_143225.WAV,010_055,F,Control_EtOH,143300
/datastar/annaRemes/scentEtOH_urgency/wistar/RAP/2024-10-10_14-32-25_Wistar_Urgency_group1/pi-data_2024-10-10_14-32-25_Wistar_Urgency_group1/box05/mic/20241010_150230.WAV,010_055,F,Control_EtOH,143300
/datastar/annaRemes/scentEtOH_urgency/wistar/RAP/2024-10-10_14-32-25_Wistar_Urgency_group1/pi-data_2024-10-10_14-32-25_Wistar_Urgency_group1/box05/mic/20241010_153235.WAV,010_055,F,Control_EtOH,143300
/datastar/annaRemes/scentEtOH_urgency/wistar/RAP/2024-10-10_14-32-25_Wistar_Urgency_group1/pi-data_2024-10-10_14-32-25_Wistar_Urgency_group1/box05/mic/20241010_153511.WAV,010_055,F,Control_EtOH,143300
/datastar/annaRemes/scentEtOH_urgency/wistar/RAP/2024-10-10_14-32-25_Wistar_Urgency_group1/pi-data_2024-10-10_14-32-25_Wistar_Urgency_group1/box01/mic/20241010_143225.WAV,019_015,M,EtOH_Control,143300
/datastar/annaRemes/scentEtOH_urgency/wistar/RAP/2024-10-10_14-32-25_Wistar_Urgency_group1/pi-data_2024-10-10_14-32-25_Wistar_Urgency_group1/box01/mic/20241010_150230.WAV,019_015,M,EtOH_Control,143300
/datastar/annaRemes/scentEtOH_urgency/wistar/RAP/2024-10-10_14-32-25_Wistar_Urgency_group1/pi-data_2024-10-10_14-32-25_Wistar_Urgency_group1/box01/mic/20241010_153235.WAV,019_015,M,EtOH_Control,143300
/datastar/annaRemes/scentEtOH_urgency/wistar/RAP/2024-10-10_14-32-25_Wistar_Urgency_group1/pi-data_2024-10-10_14-32-25_Wistar_Urgency_group1/box01/mic/20241010_153614.WAV,019_015,M,EtOH_Control,143300
/datastar/annaRemes/scentEtOH_urgency/wistar/RAP/2024-10-10_14-32-25_Wistar_Urgency_group1/pi-data_2024-10-10_14-32-25_Wistar_Urgency_group1/box06/mic/20241010_150230.WAV,020_039,F,EtOH_EtOH,143300
/datastar/annaRemes/scentEtOH_urgency/wistar/RAP/2024-10-10_14-32-25_Wistar_Urgency_group1/pi-data_2024-10-10_14-32-25_Wistar_Urgency_group1/box06/mic/20241010_153235.WAV,020_039,F,EtOH_EtOH,143300
/datastar/annaRemes/scentEtOH_urgency/wistar/RAP/2024-10-10_14-32-25_Wistar_Urgency_group1/pi-data_2024-10-10_14-32-25_Wistar_Urgency_group1/box06/mic/20241010_153518.WAV,020_039,F,EtOH_EtOH,143300
/datastar/annaRemes/scentEtOH_urgency/wistar/RAP/2024-10-10_14-32-25_Wistar_Urgency_group1/pi-data_2024-10-10_14-32-25_Wistar_Urgency_group1/box03/mic/20241010_143225.WAV,045_056,M,EtOH_EtOH,143300
/datastar/annaRemes/scentEtOH_urgency/wistar/RAP/2024-10-10_14-32-25_Wistar_Urgency_group1/pi-data_2024-10-10_14-32-25_Wistar_Urgency_group1/box03/mic/20241010_150230.WAV,045_056,M,EtOH_EtOH,143300
/datastar/annaRemes/scentEtOH_urgency/wistar/RAP/2024-10-10_14-32-25_Wistar_Urgency_group1/pi-data_2024-10-10_14-32-25_Wistar_Urgency_group1/box03/mic/20241010_153235.WAV,045_056,M,EtOH_EtOH,143300
/datastar/annaRemes/scentEtOH_urgency/wistar/RAP/2024-10-10_14-32-25_Wistar_Urgency_group1/pi-data_2024-10-10_14-32-25_Wistar_Urgency_group1/box03/mic/20241010_153629.WAV,045_056,M,EtOH_EtOH,143300
/datastar/annaRemes/scentEtOH_urgency/wistar/RAP/2024-10-10_14-32-25_Wistar_Urgency_group1/pi-data_2024-10-10_14-32-25_Wistar_Urgency_group1/box04/mic/20241010_143225.WAV,048,F,EtOH,143300
/datastar/annaRemes/scentEtOH_urgency/wistar/RAP/2024-10-10_14-32-25_Wistar_Urgency_group1/pi-data_2024-10-10_14-32-25_Wistar_Urgency_group1/box04/mic/20241010_150230.WAV,048,F,EtOH,143300
/datastar/annaRemes/scentEtOH_urgency/wistar/RAP/2024-10-10_14-32-25_Wistar_Urgency_group1/pi-data_2024-10-10_14-32-25_Wistar_Urgency_group1/box04/mic/20241010_153235.WAV,048,F,EtOH,143300
/datastar/annaRemes/scentEtOH_urgency/wistar/RAP/2024-10-10_14-32-25_Wistar_Urgency_group1/pi-data_2024-10-10_14-32-25_Wistar_Urgency_group1/box04/mic/20241010_153439.WAV,048,F,EtOH,143300
/datastar/annaRemes/scentEtOH_urgency/wistar/RAP/2024-10-10_14-32-25_Wistar_Urgency_group1/pi-data_2024-10-10_14-32-25_Wistar_Urgency_group1/box02/mic/20241010_143225.WAV,052_049,M,EtOH_EtOH,143300
/datastar/annaRemes/scentEtOH_urgency/wistar/RAP/2024-10-10_14-32-25_Wistar_Urgency_group1/pi-data_2024-10-10_14-32-25_Wistar_Urgency_group1/box02/mic/20241010_150230.WAV,052_049,M,EtOH_EtOH,143300
/datastar/annaRemes/scentEtOH_urgency/wistar/RAP/2024-10-10_14-32-25_Wistar_Urgency_group1/pi-data_2024-10-10_14-32-25_Wistar_Urgency_group1/box02/mic/20241010_153235.WAV,052_049,M,EtOH_EtOH,143300
/datastar/annaRemes/scentEtOH_urgency/wistar/RAP/2024-10-10_14-32-25_Wistar_Urgency_group1/pi-data_2024-10-10_14-32-25_Wistar_Urgency_group1/box02/mic/20241010_153623.WAV,052_049,M,EtOH_EtOH,143300
/datastar/annaRemes/scentEtOH_urgency/wistar/RAP/2024-10-10_15-36-23_Wistar_Urgency_group2/pi-data_2024-10-10_15-36-23_Wistar_Urgency_group2/box01/mic/20241010_153643.WAV,002_016,F,Control_Control,154500
/datastar/annaRemes/scentEtOH_urgency/wistar/RAP/2024-10-10_15-36-23_Wistar_Urgency_group2/pi-data_2024-10-10_15-36-23_Wistar_Urgency_group2/box01/mic/20241010_160240.WAV,002_016,F,Control_Control,154500
/datastar/annaRemes/scentEtOH_urgency/wistar/RAP/2024-10-10_15-36-23_Wistar_Urgency_group2/pi-data_2024-10-10_15-36-23_Wistar_Urgency_group2/box01/mic/20241010_163245.WAV,002_016,F,Control_Control,154500
/datastar/annaRemes/scentEtOH_urgency/wistar/RAP/2024-10-10_15-36-23_Wistar_Urgency_group2/pi-data_2024-10-10_15-36-23_Wistar_Urgency_group2/box01/mic/20241010_164807.WAV,002_016,F,Control_Control,154500
/datastar/annaRemes/scentEtOH_urgency/wistar/RAP/2024-10-10_15-36-23_Wistar_Urgency_group2/pi-data_2024-10-10_15-36-23_Wistar_Urgency_group2/box05/mic/20241010_153511.WAV,021,M,EtOH,154500
/datastar/annaRemes/scentEtOH_urgency/wistar/RAP/2024-10-10_15-36-23_Wistar_Urgency_group2/pi-data_2024-10-10_15-36-23_Wistar_Urgency_group2/box05/mic/20241010_160240.WAV,021,M,EtOH,154500
/datastar/annaRemes/scentEtOH_urgency/wistar/RAP/2024-10-10_15-36-23_Wistar_Urgency_group2/pi-data_2024-10-10_15-36-23_Wistar_Urgency_group2/box05/mic/20241010_163245.WAV,021,M,EtOH,154500
/datastar/annaRemes/scentEtOH_urgency/wistar/RAP/2024-10-10_15-36-23_Wistar_Urgency_group2/pi-data_2024-10-10_15-36-23_Wistar_Urgency_group2/box05/mic/20241010_164647.WAV,021,M,EtOH,154500
/datastar/annaRemes/scentEtOH_urgency/wistar/RAP/2024-10-10_15-36-23_Wistar_Urgency_group2/pi-data_2024-10-10_15-36-23_Wistar_Urgency_group2/box04/mic/20241010_153439.WAV,038,M,EtOH,154500
/datastar/annaRemes/scentEtOH_urgency/wistar/RAP/2024-10-10_15-36-23_Wistar_Urgency_group2/pi-data_2024-10-10_15-36-23_Wistar_Urgency_group2/box04/mic/20241010_160240.WAV,038,M,EtOH,154500
/datastar/annaRemes/scentEtOH_urgency/wistar/RAP/2024-10-10_15-36-23_Wistar_Urgency_group2/pi-data_2024-10-10_15-36-23_Wistar_Urgency_group2/box04/mic/20241010_163245.WAV,038,M,EtOH,154500
/datastar/annaRemes/scentEtOH_urgency/wistar/RAP/2024-10-10_15-36-23_Wistar_Urgency_group2/pi-data_2024-10-10_15-36-23_Wistar_Urgency_group2/box04/mic/20241010_164619.WAV,038,M,EtOH,154500
/datastar/annaRemes/scentEtOH_urgency/wistar/RAP/2024-10-10_15-36-23_Wistar_Urgency_group2/pi-data_2024-10-10_15-36-23_Wistar_Urgency_group2/box03/mic/20241010_153629.WAV,005_024,M,Control_EtOH,154500
/datastar/annaRemes/scentEtOH_urgency/wistar/RAP/2024-10-10_15-36-23_Wistar_Urgency_group2/pi-data_2024-10-10_15-36-23_Wistar_Urgency_group2/box03/mic/20241010_160240.WAV,005_024,M,Control_EtOH,154500
/datastar/annaRemes/scentEtOH_urgency/wistar/RAP/2024-10-10_15-36-23_Wistar_Urgency_group2/pi-data_2024-10-10_15-36-23_Wistar_Urgency_group2/box03/mic/20241010_163245.WAV,005_024,M,Control_EtOH,154500
/datastar/annaRemes/scentEtOH_urgency/wistar/RAP/2024-10-10_15-36-23_Wistar_Urgency_group2/pi-data_2024-10-10_15-36-23_Wistar_Urgency_group2/box03/mic/20241010_164912.WAV,005_024,M,Control_EtOH,154500
/datastar/annaRemes/scentEtOH_urgency/wistar/RAP/2024-10-10_15-36-23_Wistar_Urgency_group2/pi-data_2024-10-10_15-36-23_Wistar_Urgency_group2/box02/mic/20241010_153623.WAV,050_018,F,EtOH_EtOH,154500
/datastar/annaRemes/scentEtOH_urgency/wistar/RAP/2024-10-10_15-36-23_Wistar_Urgency_group2/pi-data_2024-10-10_15-36-23_Wistar_Urgency_group2/box02/mic/20241010_160240.WAV,050_018,F,EtOH_EtOH,154500
/datastar/annaRemes/scentEtOH_urgency/wistar/RAP/2024-10-10_15-36-23_Wistar_Urgency_group2/pi-data_2024-10-10_15-36-23_Wistar_Urgency_group2/box02/mic/20241010_163245.WAV,050_018,F,EtOH_EtOH,154500
/datastar/annaRemes/scentEtOH_urgency/wistar/RAP/2024-10-10_15-36-23_Wistar_Urgency_group2/pi-data_2024-10-10_15-36-23_Wistar_Urgency_group2/box02/mic/20241010_164905.WAV,050_018,F,EtOH_EtOH,154500
/datastar/annaRemes/scentEtOH_urgency/wistar/RAP/2024-10-10_15-36-23_Wistar_Urgency_group2/pi-data_2024-10-10_15-36-23_Wistar_Urgency_group2/box06/mic/20241010_164721.WAV,009_031,M,Control_EtOH,154500
/datastar/annaRemes/scentEtOH_urgency/wistar/RAP/2024-10-10_16-47-21_Wistar_Urgency_group3/pi-data_2024-10-10_16-47-21_Wistar_Urgency_group3/box06/mic/20241010_164721.WAV,001_033,M,Control_EtOH,170000
/datastar/annaRemes/scentEtOH_urgency/wistar/RAP/2024-10-10_16-47-21_Wistar_Urgency_group3/pi-data_2024-10-10_16-47-21_Wistar_Urgency_group3/box06/mic/20241010_170250.WAV,001_033,M,Control_EtOH,170000
/datastar/annaRemes/scentEtOH_urgency/wistar/RAP/2024-10-10_16-47-21_Wistar_Urgency_group3/pi-data_2024-10-10_16-47-21_Wistar_Urgency_group3/box06/mic/20241010_173255.WAV,001_033,M,Control_EtOH,170000
/datastar/annaRemes/scentEtOH_urgency/wistar/RAP/2024-10-10_16-47-21_Wistar_Urgency_group3/pi-data_2024-10-10_16-47-21_Wistar_Urgency_group3/box06/mic/20241010_180300.WAV,001_033,M,Control_EtOH,170000
/datastar/annaRemes/scentEtOH_urgency/wistar/RAP/2024-10-10_16-47-21_Wistar_Urgency_group3/pi-data_2024-10-10_16-47-21_Wistar_Urgency_group3/box05/mic/20241010_164647.WAV,022_013,M,EtOH_Control,170000
/datastar/annaRemes/scentEtOH_urgency/wistar/RAP/2024-10-10_16-47-21_Wistar_Urgency_group3/pi-data_2024-10-10_16-47-21_Wistar_Urgency_group3/box05/mic/20241010_170250.WAV,022_013,M,EtOH_Control,170000
/datastar/annaRemes/scentEtOH_urgency/wistar/RAP/2024-10-10_16-47-21_Wistar_Urgency_group3/pi-data_2024-10-10_16-47-21_Wistar_Urgency_group3/box05/mic/20241010_173255.WAV,022_013,M,EtOH_Control,170000
/datastar/annaRemes/scentEtOH_urgency/wistar/RAP/2024-10-10_16-47-21_Wistar_Urgency_group3/pi-data_2024-10-10_16-47-21_Wistar_Urgency_group3/box05/mic/20241010_180300.WAV,022_013,M,EtOH_Control,170000
/datastar/annaRemes/scentEtOH_urgency/wistar/RAP/2024-10-10_16-47-21_Wistar_Urgency_group3/pi-data_2024-10-10_16-47-21_Wistar_Urgency_group3/box04/mic/20241010_164954.WAV,034_057,M,EtOH_EtOH,170000
/datastar/annaRemes/scentEtOH_urgency/wistar/RAP/2024-10-10_16-47-21_Wistar_Urgency_group3/pi-data_2024-10-10_16-47-21_Wistar_Urgency_group3/box04/mic/20241010_170250.WAV,034_057,M,EtOH_EtOH,170000
/datastar/annaRemes/scentEtOH_urgency/wistar/RAP/2024-10-10_16-47-21_Wistar_Urgency_group3/pi-data_2024-10-10_16-47-21_Wistar_Urgency_group3/box04/mic/20241010_173255.WAV,034_057,M,EtOH_EtOH,170000
/datastar/annaRemes/scentEtOH_urgency/wistar/RAP/2024-10-10_16-47-21_Wistar_Urgency_group3/pi-data_2024-10-10_16-47-21_Wistar_Urgency_group3/box04/mic/20241010_180300.WAV,034_057,M,EtOH_EtOH,170000
/datastar/annaRemes/scentEtOH_urgency/wistar/RAP/2024-10-10_16-47-21_Wistar_Urgency_group3/pi-data_2024-10-10_16-47-21_Wistar_Urgency_group3/box01/mic/20241010_165142.WAV,035_012,F,EtOH_Control,170000
/datastar/annaRemes/scentEtOH_urgency/wistar/RAP/2024-10-10_16-47-21_Wistar_Urgency_group3/pi-data_2024-10-10_16-47-21_Wistar_Urgency_group3/box01/mic/20241010_170250.WAV,035_012,F,EtOH_Control,170000
/datastar/annaRemes/scentEtOH_urgency/wistar/RAP/2024-10-10_16-47-21_Wistar_Urgency_group3/pi-data_2024-10-10_16-47-21_Wistar_Urgency_group3/box01/mic/20241010_173255.WAV,035_012,F,EtOH_Control,170000
/datastar/annaRemes/scentEtOH_urgency/wistar/RAP/2024-10-10_16-47-21_Wistar_Urgency_group3/pi-data_2024-10-10_16-47-21_Wistar_Urgency_group3/box01/mic/20241010_180300.WAV,035_012,F,EtOH_Control,170000
/datastar/annaRemes/scentEtOH_urgency/wistar/RAP/2024-10-10_16-47-21_Wistar_Urgency_group3/pi-data_2024-10-10_16-47-21_Wistar_Urgency_group3/box03/mic/20241010_165203.WAV,041_006,F,EtOH_Control,170000
/datastar/annaRemes/scentEtOH_urgency/wistar/RAP/2024-10-10_16-47-21_Wistar_Urgency_group3/pi-data_2024-10-10_16-47-21_Wistar_Urgency_group3/box03/mic/20241010_170250.WAV,041_006,F,EtOH_Control,170000
/datastar/annaRemes/scentEtOH_urgency/wistar/RAP/2024-10-10_16-47-21_Wistar_Urgency_group3/pi-data_2024-10-10_16-47-21_Wistar_Urgency_group3/box03/mic/20241010_173255.WAV,041_006,F,EtOH_Control,170000
/datastar/annaRemes/scentEtOH_urgency/wistar/RAP/2024-10-10_16-47-21_Wistar_Urgency_group3/pi-data_2024-10-10_16-47-21_Wistar_Urgency_group3/box03/mic/20241010_180300.WAV,041_006,F,EtOH_Control,170000
/datastar/annaRemes/scentEtOH_urgency/wistar/RAP/2024-10-10_18-07-41_Wistar_Urgency_group4/pi-data_2024-10-10_18-07-41_Wistar_Urgency_group4/box04/mic/20241010_180727.WAV,025_051,F,EtOH_EtOH,182600
/datastar/annaRemes/scentEtOH_urgency/wistar/RAP/2024-10-10_18-07-41_Wistar_Urgency_group4/pi-data_2024-10-10_18-07-41_Wistar_Urgency_group4/box04/mic/20241010_183305.WAV,025_051,F,EtOH_EtOH,182600
/datastar/annaRemes/scentEtOH_urgency/wistar/RAP/2024-10-10_18-07-41_Wistar_Urgency_group4/pi-data_2024-10-10_18-07-41_Wistar_Urgency_group4/box04/mic/20241010_190310.WAV,025_051,F,EtOH_EtOH,182600
/datastar/annaRemes/scentEtOH_urgency/wistar/RAP/2024-10-10_18-07-41_Wistar_Urgency_group4/pi-data_2024-10-10_18-07-41_Wistar_Urgency_group4/box04/mic/20241010_192707.WAV,025_051,F,EtOH_EtOH,182600
/datastar/annaRemes/scentEtOH_urgency/wistar/RAP/2024-10-10_18-07-41_Wistar_Urgency_group4/pi-data_2024-10-10_18-07-41_Wistar_Urgency_group4/box01/mic/20241010_180648.WAV,003,M,Control,182600
/datastar/annaRemes/scentEtOH_urgency/wistar/RAP/2024-10-10_18-07-41_Wistar_Urgency_group4/pi-data_2024-10-10_18-07-41_Wistar_Urgency_group4/box01/mic/20241010_183305.WAV,003,M,Control,182600
/datastar/annaRemes/scentEtOH_urgency/wistar/RAP/2024-10-10_18-07-41_Wistar_Urgency_group4/pi-data_2024-10-10_18-07-41_Wistar_Urgency_group4/box01/mic/20241010_190310.WAV,003,M,Control,182600
/datastar/annaRemes/scentEtOH_urgency/wistar/RAP/2024-10-10_18-07-41_Wistar_Urgency_group4/pi-data_2024-10-10_18-07-41_Wistar_Urgency_group4/box01/mic/20241010_192904.WAV,003,M,Control,182600
/datastar/annaRemes/scentEtOH_urgency/wistar/RAP/2024-10-10_18-07-41_Wistar_Urgency_group4/pi-data_2024-10-10_18-07-41_Wistar_Urgency_group4/box06/mic/20241010_180741.WAV,030_008,F,EtOH_Control,182600
/datastar/annaRemes/scentEtOH_urgency/wistar/RAP/2024-10-10_18-07-41_Wistar_Urgency_group4/pi-data_2024-10-10_18-07-41_Wistar_Urgency_group4/box06/mic/20241010_183305.WAV,030_008,F,EtOH_Control,182600
/datastar/annaRemes/scentEtOH_urgency/wistar/RAP/2024-10-10_18-07-41_Wistar_Urgency_group4/pi-data_2024-10-10_18-07-41_Wistar_Urgency_group4/box06/mic/20241010_190310.WAV,030_008,F,EtOH_Control,182600
/datastar/annaRemes/scentEtOH_urgency/wistar/RAP/2024-10-10_18-07-41_Wistar_Urgency_group4/pi-data_2024-10-10_18-07-41_Wistar_Urgency_group4/box06/mic/20241010_192830.WAV,030_008,F,EtOH_Control,182600
/datastar/annaRemes/scentEtOH_urgency/wistar/RAP/2024-10-10_18-07-41_Wistar_Urgency_group4/pi-data_2024-10-10_18-07-41_Wistar_Urgency_group4/box05/mic/20241010_180716.WAV,043_046,F,EtOH_EtOH,182600
/datastar/annaRemes/scentEtOH_urgency/wistar/RAP/2024-10-10_18-07-41_Wistar_Urgency_group4/pi-data_2024-10-10_18-07-41_Wistar_Urgency_group4/box05/mic/20241010_183305.WAV,043_046,F,EtOH_EtOH,182600
/datastar/annaRemes/scentEtOH_urgency/wistar/RAP/2024-10-10_18-07-41_Wistar_Urgency_group4/pi-data_2024-10-10_18-07-41_Wistar_Urgency_group4/box05/mic/20241010_190310.WAV,043_046,F,EtOH_EtOH,182600
/datastar/annaRemes/scentEtOH_urgency/wistar/RAP/2024-10-10_18-07-41_Wistar_Urgency_group4/pi-data_2024-10-10_18-07-41_Wistar_Urgency_group4/box05/mic/20241010_192824.WAV,043_046,F,EtOH_EtOH,182600
/datastar/annaRemes/scentEtOH_urgency/wistar/RAP/2024-10-10_18-07-41_Wistar_Urgency_group4/pi-data_2024-10-10_18-07-41_Wistar_Urgency_group4/box03/mic/20241010_180709.WAV,044_058,M,EtOH_EtOH,182600
/datastar/annaRemes/scentEtOH_urgency/wistar/RAP/2024-10-10_18-07-41_Wistar_Urgency_group4/pi-data_2024-10-10_18-07-41_Wistar_Urgency_group4/box03/mic/20241010_183305.WAV,044_058,M,EtOH_EtOH,182600
/datastar/annaRemes/scentEtOH_urgency/wistar/RAP/2024-10-10_18-07-41_Wistar_Urgency_group4/pi-data_2024-10-10_18-07-41_Wistar_Urgency_group4/box03/mic/20241010_190310.WAV,044_058,M,EtOH_EtOH,182600
/datastar/annaRemes/scentEtOH_urgency/wistar/RAP/2024-10-10_18-07-41_Wistar_Urgency_group4/pi-data_2024-10-10_18-07-41_Wistar_Urgency_group4/box03/mic/20241010_193315.WAV,044_058,M,EtOH_EtOH,182600
/datastar/annaRemes/scentEtOH_urgency/wistar/RAP/2024-10-10_18-07-41_Wistar_Urgency_group4/pi-data_2024-10-10_18-07-41_Wistar_Urgency_group4/box03/mic/20241010_180709.WAV,007_054,M,Control_EtOH,182600
/datastar/annaRemes/scentEtOH_urgency/wistar/RAP/2024-10-10_18-07-41_Wistar_Urgency_group4/pi-data_2024-10-10_18-07-41_Wistar_Urgency_group4/box03/mic/20241010_183305.WAV,007_054,M,Control_EtOH,182600
/datastar/annaRemes/scentEtOH_urgency/wistar/RAP/2024-10-10_18-07-41_Wistar_Urgency_group4/pi-data_2024-10-10_18-07-41_Wistar_Urgency_group4/box03/mic/20241010_190310.WAV,007_054,M,Control_EtOH,182600
/datastar/annaRemes/scentEtOH_urgency/wistar/RAP/2024-10-10_18-07-41_Wistar_Urgency_group4/pi-data_2024-10-10_18-07-41_Wistar_Urgency_group4/box03/mic/20241010_193315.WAV,007_054,M,Control_EtOH,182600
/datastar/annaRemes/scentEtOH_urgency/wistar/RAP/2024-10-10_19-33-15_Wistar_Urgency_group5/pi-data_2024-10-10_19-33-15_Wistar_Urgency_group5/box03/mic/20241010_193315.WAV,023_014,F,EtOH_Control,193915
/datastar/annaRemes/scentEtOH_urgency/wistar/RAP/2024-10-10_19-33-15_Wistar_Urgency_group5/pi-data_2024-10-10_19-33-15_Wistar_Urgency_group5/box03/mic/20241010_200320.WAV,023_014,F,EtOH_Control,193915
/datastar/annaRemes/scentEtOH_urgency/wistar/RAP/2024-10-10_19-33-15_Wistar_Urgency_group5/pi-data_2024-10-10_19-33-15_Wistar_Urgency_group5/box03/mic/20241010_203325.WAV,023_014,F,EtOH_Control,193915
/datastar/annaRemes/scentEtOH_urgency/wistar/RAP/2024-10-10_19-33-15_Wistar_Urgency_group5/pi-data_2024-10-10_19-33-15_Wistar_Urgency_group5/box06/mic/20241010_193315.WAV,026_042,M,EtOH_EtOH,193915
/datastar/annaRemes/scentEtOH_urgency/wistar/RAP/2024-10-10_19-33-15_Wistar_Urgency_group5/pi-data_2024-10-10_19-33-15_Wistar_Urgency_group5/box06/mic/20241010_200320.WAV,026_042,M,EtOH_EtOH,193915
/datastar/annaRemes/scentEtOH_urgency/wistar/RAP/2024-10-10_19-33-15_Wistar_Urgency_group5/pi-data_2024-10-10_19-33-15_Wistar_Urgency_group5/box06/mic/20241010_203325.WAV,026_042,M,EtOH_EtOH,193915
/datastar/annaRemes/scentEtOH_urgency/wistar/RAP/2024-10-10_19-33-15_Wistar_Urgency_group5/pi-data_2024-10-10_19-33-15_Wistar_Urgency_group5/box02/mic/20241010_193315.WAV,027_028,F,EtOH_EtOH,193915
/datastar/annaRemes/scentEtOH_urgency/wistar/RAP/2024-10-10_19-33-15_Wistar_Urgency_group5/pi-data_2024-10-10_19-33-15_Wistar_Urgency_group5/box02/mic/20241010_200320.WAV,027_028,F,EtOH_EtOH,193915
/datastar/annaRemes/scentEtOH_urgency/wistar/RAP/2024-10-10_19-33-15_Wistar_Urgency_group5/pi-data_2024-10-10_19-33-15_Wistar_Urgency_group5/box02/mic/20241010_203325.WAV,027_028,F,EtOH_EtOH,193915
/datastar/annaRemes/scentEtOH_urgency/wistar/RAP/2024-10-10_19-33-15_Wistar_Urgency_group5/pi-data_2024-10-10_19-33-15_Wistar_Urgency_group5/box05/mic/20241010_193315.WAV,029_036,M,EtOH_EtOH,193915
/datastar/annaRemes/scentEtOH_urgency/wistar/RAP/2024-10-10_19-33-15_Wistar_Urgency_group5/pi-data_2024-10-10_19-33-15_Wistar_Urgency_group5/box05/mic/20241010_200320.WAV,029_036,M,EtOH_EtOH,193915
/datastar/annaRemes/scentEtOH_urgency/wistar/RAP/2024-10-10_19-33-15_Wistar_Urgency_group5/pi-data_2024-10-10_19-33-15_Wistar_Urgency_group5/box05/mic/20241010_203325.WAV,029_036,M,EtOH_EtOH,193915
/datastar/annaRemes/scentEtOH_urgency/wistar/RAP/2024-10-10_19-33-15_Wistar_Urgency_group5/pi-data_2024-10-10_19-33-15_Wistar_Urgency_group5/box01/mic/20241010_193315.WAV,004_037,F,Control_EtOH,193915
/datastar/annaRemes/scentEtOH_urgency/wistar/RAP/2024-10-10_19-33-15_Wistar_Urgency_group5/pi-data_2024-10-10_19-33-15_Wistar_Urgency_group5/box01/mic/20241010_200320.WAV,004_037,F,Control_EtOH,193915
/datastar/annaRemes/scentEtOH_urgency/wistar/RAP/2024-10-10_19-33-15_Wistar_Urgency_group5/pi-data_2024-10-10_19-33-15_Wistar_Urgency_group5/box01/mic/20241010_203325.WAV,004_037,F,Control_EtOH,193915
/datastar/annaRemes/scentEtOH_urgency/wistar/RAP/2024-10-10_19-33-15_Wistar_Urgency_group5/pi-data_2024-10-10_19-33-15_Wistar_Urgency_group5/box04/mic/20241010_193315.WAV,040_011,M,EtOH_Control,193915
/datastar/annaRemes/scentEtOH_urgency/wistar/RAP/2024-10-10_19-33-15_Wistar_Urgency_group5/pi-data_2024-10-10_19-33-15_Wistar_Urgency_group5/box04/mic/20241010_200320.WAV,040_011,M,EtOH_Control,193915
/datastar/annaRemes/scentEtOH_urgency/wistar/RAP/2024-10-10_19-33-15_Wistar_Urgency_group5/pi-data_2024-10-10_19-33-15_Wistar_Urgency_group5/box04/mic/20241010_203325.WAV,040_011,M,EtOH_Control,193915
